Discount Date,Product Name,Product Name Trans.,Original_Price,Discount,Discount Price,Product Link
Fino al 13 novembre,"0,1% di Grassi Ananas in pezzi 2 x 125 g Piacersi Conad","0,1% grasa de piña en trozos 2 x 125 g Piacersi Conad","1,05€",-29%,"0,75€",https://spesaonline.conad.it/p/01-di-grassi-ananas-in-pezzi-2-x-125-g-piacersi-conad--363219
Fino al 13 novembre,"0,1% di Grassi Frutti di Bosco in pezzi 2 x 125 g Piacersi Conad","0,1% de Grasa Frutos del Bosque en trozos 2 x 125 g Piacersi Conad","1,05€",-29%,"0,75€",https://spesaonline.conad.it/p/01-di-grassi-frutti-di-bosco-in-pezzi-2-x-125-g-piacersi-conad--363225
Fino al 13 novembre,"0,1% di Grassi Pesca in pezzi 2 x 125 g Piacersi Conad","0,1% de Grasas Melocotón en trozos 2 x 125 g Piacersi Conad","1,05€",-29%,"0,75€",https://spesaonline.conad.it/p/01-di-grassi-pesca-in-pezzi-2-x-125-g-piacersi-conad--363227
Fino al 13 novembre,100% Ananas 1 l Conad,100% Piña 1 l Conad,"1,85€",-25%,"1,39€",https://spesaonline.conad.it/p/100-ananas-1-l-conad--222919
Fino al 13 novembre,100% Arancia 1 l Conad,100% Naranja 1 l Conad,"1,85€",-25%,"1,39€",https://spesaonline.conad.it/p/100-arancia-1-l-conad--222921
Fino al 13 novembre,4 Croccanti Filetti di Merluzzo Surgelati 400 g Conad,4 Lomos de Bacalao Crujientes Congelados 400 g Conad,"4,99€",-20%,"3,99€",https://spesaonline.conad.it/p/4-croccanti-filetti-di-merluzzo-surgelati-400-g-conad--401477
Fino al 15 novembre,AGHERA SARDA Cannonau di Sardegna DOC 75 cl,AGHERA SARDA Cañón de Cerdeña DOC 75 cl,"4,69€",-23%,"3,59€",https://spesaonline.conad.it/p/aghera-sarda-cannonau-di-sardegna-doc-75-cl--400884
Fino al 13 novembre,Alimentum Senza Lattosio Bianco 2 x 125 g Conad,Alimentum Sin Lactosa Blanca 2 x 125 g Conad,"1,19€",-17%,"0,99€",https://spesaonline.conad.it/p/alimentum-senza-lattosio-bianco-2-x-125-g-conad--400495
Fino al 13 novembre,Alimentum Senza Lattosio Cocco 2 x 125 g Conad,Alimentum Senza Lactosa Coco 2 x 125 g Conad,"1,19€",-17%,"0,99€",https://spesaonline.conad.it/p/alimentum-senza-lattosio-cocco-2-x-125-g-conad--402369
Fino al 13 novembre,Alimentum Senza Lattosio Fragola 2 x 125 g Conad,Food Senza Lactosa Fresa 2 x 125 g Conad,"1,19€",-17%,"0,99€",https://spesaonline.conad.it/p/alimentum-senza-lattosio-fragola-2-x-125-g-conad--400496
Fino al 13 novembre,Alimentum Senza Lattosio Vaniglia 2 x 125 g Conad,Alimentum Sin Lactosa Vainilla 2 x 125 g Conad,"1,19€",-17%,"0,99€",https://spesaonline.conad.it/p/alimentum-senza-lattosio-vaniglia-2-x-125-g-conad--401399
Fino al 13 novembre,Bevanda a base di avena biologica l 1 Verso Natura Bio Conad,Bebida a base de avena ecológica l 1 Verso Natura Bio Conad,"2,19€",-27%,"1,59€",https://spesaonline.conad.it/p/bevanda-a-base-di-avena-biologica-l-1-verso-natura-bio-conad--401160
Fino al 13 novembre,Bevanda a base di soia biologica 1 lt Verso Natura Bio Conad,Bebida a base de soja ecológica 1 lt Verso Natura Bio Conad,"2,09€",-24%,"1,59€",https://spesaonline.conad.it/p/bevanda-a-base-di-soia-biologica-1-lt-verso-natura-bio-conad--401159
Fino al 13 novembre,Bevanda di Mandorla Biologica 1 l Verso Natura Bio Conad,Bebida Ecológica de Almendras 1 l Verso Natura Bio Conad,"2,19€",-27%,"1,59€",https://spesaonline.conad.it/p/bevanda-di-mandorla-biologica-1-l-verso-natura-bio-conad--401860
Fino al 13 novembre,Bevanda di riso Biologica 1 lt Verso Natura Bio Conad,Bebida de arroz bio 1 lt Verso Natura Bio Conad,"2,19€",-27%,"1,59€",https://spesaonline.conad.it/p/bevanda-di-riso-biologica-1-lt-verso-natura-bio-conad--401158
Fino al 13 novembre,Bevanda di Riso e Cocco Biologica 1 l Verso Natura Bio Conad,Bebida Ecológica de Arroz y Coco 1 l Verso Natura Bio Conad,"2,19€",-27%,"1,59€",https://spesaonline.conad.it/p/bevanda-di-riso-e-cocco-biologica-1-l-verso-natura-bio-conad--401859
Fino al 15 novembre,"Bianco Magro 0,1% di Grassi 500 g Piacersi Conad","Flaco Blanco 0,1% Grasa 500 g Piacersi Conad","1,89€",-26%,"1,39€",https://spesaonline.conad.it/p/bianco-magro-01-di-grassi-500-g-piacersi-conad--363233
Fino al 13 novembre,Biscotto con Cioccolato al Latte 10 x 25 g Conad,Galleta con Chocolate con Leche 10 x 25 g Conad,"1,99€",-0%,"1,99€",https://spesaonline.conad.it/p/biscotto-con-cioccolato-al-latte-10-x-25-g-conad--400088
Fino al 20 novembre,Bocconcini di Mozzarella con fermenti lattici vivi 200 g Conad,Bocconcini de Mozzarella con fermentos lácticos vivos 200 g Conad,"2,39€",-8%,"2,19€",https://spesaonline.conad.it/p/bocconcini-di-mozzarella-con-fermenti-lattici-vivi-200-g-conad--257571
Fino al 13 novembre,BUFFERIA Chianti DOCG 75 cl,BUFFERIA Chianti DOCG 75 cl,"5,29€",-15%,"4,49€",https://spesaonline.conad.it/p/bufferia-chianti-docg-75-cl--348291
Fino al 15 novembre,Burro Panetto g 250 Conad,Mantequilla Panetto g 250 Conad,"3,59€",-11%,"3,19€",https://spesaonline.conad.it/p/burro-panetto-g-250-conad--101076
Fino al 13 novembre,Calamarata - Pasta di Gragnano IGP 500 g Sapori & Dintorni Conad,Calamarata - Pasta di Gragnano IGP 500 g Sapori & Dintorni Conad,"1,59€",-19%,"1,29€",https://spesaonline.conad.it/p/calamarata---pasta-di-gragnano-igp-500-g-sapori--dintorni-conad--400639
Fino al 13 novembre,Candeggina Classica 1 l Conad,Lejía Clásica 1 l Conad,"0,75€",-8%,"0,69€",https://spesaonline.conad.it/p/candeggina-classica-1-l-conad--138228
Fino al 15 novembre,Carciofini di Puglia interi in Olio Extra Vergine di Oliva Italiano 285 g Sapori & Dintorni Conad,Alcachofas Puglia Enteras en Aceite de Oliva Virgen Extra Italiano 285 g Sapori & Dintorni Conad,"4,19€",-10%,"3,79€",https://spesaonline.conad.it/p/carciofini-di-puglia-interi-in-olio-extra-vergine-di-oliva-italiano-285-g-sapori--dintorni-conad--402546
Fino al 15 novembre,Carta Igienica Salva Spazio 2 Veli 10 Rotoli Conad,"Papel higiénico que ahorra espacio, 2 capas, 10 rollos Conad","3,19€",-13%,"2,79€",https://spesaonline.conad.it/p/carta-igienica-salva-spazio-2-veli-10-rotoli-conad--260910
Fino al 15 novembre,Casaniere Asti DOCG Dolce 75 cl,Casaniere Asti DOCG Dulce 75 cl,"5,99€",-33%,"3,99€",https://spesaonline.conad.it/p/casaniere-asti-docg-dolce-75-cl--348597
Fino al 20 novembre,Cedro Candito 70 g Conad,Citron Confitado 70 g Conad,"1,39€",-29%,"0,99€",https://spesaonline.conad.it/p/cedro-candito-70-g-conad--400565
Fino al 13 novembre,Cioccolato al Latte 100 g Conad,Chocolate con Leche 100 g Conad,"1,19€",-17%,"0,99€",https://spesaonline.conad.it/p/cioccolato-al-latte-100-g-conad--194851
Fino al 13 novembre,Cioccolato Bianco 100 g Conad,Chocolate Blanco 100 g Conad,"1,19€",-17%,"0,99€",https://spesaonline.conad.it/p/cioccolato-bianco-100-g-conad--350902
Fino al 13 novembre,Cioccolato Fondente Extra 50% Cacao 100 g Conad,Chocolate Extra Negro 50% Cacao 100 g Conad,"1,19€",-17%,"0,99€",https://spesaonline.conad.it/p/cioccolato-fondente-extra-50-cacao-100-g-conad--194850
Fino al 13 novembre,CONAD Detergente Igienizzante* per Superfici 100 ml,CONAD Detergente Higienizante* para Superficies 100 ml,"1,99€",-25%,"1,49€",https://spesaonline.conad.it/p/conad-detergente-igienizzante-per-superfici-100-ml--402614
Fino al 13 novembre,CONAD Dischetti Orlati per uso cosmetico 70 pz,CONAD Discos afilados para uso cosmético 70 uds,"1,29€",-16%,"1,09€",https://spesaonline.conad.it/p/conad-dischetti-orlati-per-uso-cosmetico-70-pz--401446
Fino al 13 novembre,CONAD Kebab di Pollo 350 g,CONAD Kebab di Pollo 350 g,"3,80€",-16%,"3,20€",https://spesaonline.conad.it/p/conad-kebab-di-pollo-350-g--10733435
Fino al 15 novembre,CONAD Mandorle Sgusciate 1 kg,CONAD Almendras Peladas 1 kg,"12,90€",-31%,"8,90€",https://spesaonline.conad.it/p/conad-mandorle-sgusciate-1-kg--402784
Fino al 13 novembre,CONAD Percorso Qualità Classica 250 g,Curso Calidad Clásica CONAD 250 g,"1,49€",-34%,"0,99€",https://spesaonline.conad.it/p/conad-percorso-qualita-classica-250-g--10578955
Fino al 13 novembre,CONAD Percorso Qualità Iceberg e Carote 250 g,CONAD Iceberg y Zanahoria Calidad Ruta 250 g,"1,69€",-30%,"1,19€",https://spesaonline.conad.it/p/conad-percorso-qualita-iceberg-e-carote-250-g--10578937
Fino al 15 novembre,CONAD Percorso Qualità Kiwi Hayward Italia cal. 80/90g 1000 g,CONAD Quality Path Kiwi Hayward Italia cal. 80 / 90g 1000g,"3,39€",-41%,"1,99€",https://spesaonline.conad.it/p/conad-percorso-qualita-kiwi-hayward-italia-cal-80-90g-1000-g--10578465
Fino al 15 novembre,CONAD Percorso Qualità Rucola 125 g,CONAD Quality Path Rocket 125 g,"1,29€",-16%,"1,09€",https://spesaonline.conad.it/p/conad-percorso-qualita-rucola-125-g--10578939
Fino al 15 novembre,CONAD Petfriends Plus Taglia Medium e Maxi cani adulti da 10 kg in poi con pollo e riso 3 kg,CONAD Petfriends Plus Size Medianos y Maxi perros adultos a partir de 10 kg con pollo y arroz 3 kg,"7,99€",-13%,"6,99€",https://spesaonline.conad.it/p/conad-petfriends-plus-taglia-medium-e-maxi-cani-adulti-da-10-kg-in-poi-con-pollo-e-riso-3-kg--402295
Fino al 13 novembre,CONAD Pomodorini 3 x 400 g,CONAD Tomates Cherry 3 x 400 g,"2,39€",-17%,"1,99€",https://spesaonline.conad.it/p/conad-pomodorini-3-x-400-g--349809
Fino al 13 novembre,CONAD Stracciatella 1 kg,CONAD Stracciatella 1kg,"1,50€",-17%,"1,25€",https://spesaonline.conad.it/p/conad-stracciatella-1-kg--402416
Fino al 13 novembre,CONAD Yogurt Greco Autentico Bianco Magro 0% Grassi 500 g,CONAD Yogurt Greco Autentico Bianco Magro 0% Grassi 500 g,"3,29€",-3%,"3,19€",https://spesaonline.conad.it/p/conad-yogurt-greco-autentico-bianco-magro-0-grassi-500-g--402656
Fino al 18 novembre,CONAD Yogurt Greco Autentico Ciliegia con pezzi di frutta 0% Grassi 170 g,CONAD Auténtico Yogur Griego Cereza con Trozos de Fruta 0% Grasa 170 g,"1,49€",-27%,"1,09€",https://spesaonline.conad.it/p/conad-yogurt-greco-autentico-ciliegia-con-pezzi-di-frutta-0-grassi-170-g--401385
Fino al 13 novembre,Confettura extra Frutti di Bosco g 320 Conad,Mermelada de frutas extra g 320 Conad,"1,39€",-0%,"1,39€",https://spesaonline.conad.it/p/confettura-extra-frutti-di-bosco-g-320-conad--401183
Fino al 13 novembre,Confettura Extra Mirtilli 320 g Conad,Mermelada Extra De Arándanos 320 g Conad,"1,79€",-0%,"1,79€",https://spesaonline.conad.it/p/confettura-extra-mirtilli-320-g-conad--401184
Fino al 15 novembre,Cotto cubetti 2 x 100 g Conad,Dados cocidos 2 x 100 g Conad,"2,09€",-0%,"2,09€",https://spesaonline.conad.it/p/cotto-cubetti-2-x-100-g-conad--322794
Fino al 13 novembre,"Crema al Pistacchio con ""Pistacchio Verde di Bronte DOP"" 200 g Sapori e Dintorni Conad","Crema de Pistacho con ""Verde Pistacho de Bronte DOP"" 200 g Sapori e Entorno Conad","5,69€",-12%,"4,99€",https://spesaonline.conad.it/p/crema-al-pistacchio-con-pistacchio-verde-di-bronte-dop-200-g-sapori-e-dintorni-conad--402557
Fino al 13 novembre,Crema di Marroni 330 g Conad,Crema de Castañas 330 g Conad,"1,49€",-0%,"1,49€",https://spesaonline.conad.it/p/crema-di-marroni-330-g-conad--401179
Fino al 13 novembre,CremaLatte Cioccolato 4 x 125 g Conad,Chocolate con Leche 4 x 125 g Conad,"1,99€",-10%,"1,79€",https://spesaonline.conad.it/p/cremalatte-cioccolato-4-x-125-g-conad--328700
Fino al 13 novembre,CremaLatte Vaniglia 4 x 125 g Conad,Crema de Leche Vainilla 4 x 125 g Conad,"1,99€",-10%,"1,79€",https://spesaonline.conad.it/p/cremalatte-vaniglia-4-x-125-g-conad--354382
Fino al 15 novembre,"Deteinato Tè Nero 25 filtri da 1,5 g Conad","Té Negro Descafeinado 25 filtros de 1,5 g Conad","1,35€",-27%,"0,99€",https://spesaonline.conad.it/p/deteinato-te-nero-25-filtri-da-15-g-conad--335012
Fino al 15 novembre,Dolce Yogurt intero 500 g i Cremosi Bianco Conad,Yogur integral dulce 500 g Conad White Creamy,"1,89€",-26%,"1,39€",https://spesaonline.conad.it/p/dolce-yogurt-intero-500-g-i-cremosi-bianco-conad--219929
Fino al 13 novembre,Due bontà yogurt cremoso al cocco più palline al cioccolato 150 g Conad,Dos bondades de yogur cremoso de coco más bolas de chocolate Conad de 150 g,"1,09€",-31%,"0,75€",https://spesaonline.conad.it/p/due-bonta-yogurt-cremoso-al-cocco-piu-palline-al-cioccolato-150-g-conad--400515
Fino al 13 novembre,Due Bontà Yogurt Cremoso alla Vaniglia + Biscotto al Caffè e Gocce di Cioccolato 150 g Conad,Due Bontà Yogur Cremoso de Vainilla + Galleta de Café y Gotas de Chocolate 150 g Conad,"1,09€",-31%,"0,75€",https://spesaonline.conad.it/p/due-bonta-yogurt-cremoso-alla-vaniglia--biscotto-al-caffe-e-gocce-di-cioccolato-150-g-conad--402443
Fino al 13 novembre,Due Bontà Yogurt Cremoso Bianco + Anelli al Cioccolato 150 g Conad,Due Bontà Yogur Cremoso Blanco + Aros De Chocolate 150 g Conad,"1,09€",-31%,"0,75€",https://spesaonline.conad.it/p/due-bonta-yogurt-cremoso-bianco--anelli-al-cioccolato-150-g-conad--400375
Fino al 13 novembre,Due Bontà Yogurt Cremoso Bianco + Nocciole e Cioccolato 150 g Conad,Due Bontà Yogur Cremoso Blanco + Avellanas y Chocolate 150 g Conad,"1,09€",-31%,"0,75€",https://spesaonline.conad.it/p/due-bonta-yogurt-cremoso-bianco--nocciole-e-cioccolato-150-g-conad--400376
Fino al 13 novembre,Due bontà yogurt cremoso bianco più cereali al cioccolato 150 g Conad,Dos bondades de cremoso de yogur blanco más 150 g de cereales de chocolate Conad,"1,09€",-31%,"0,75€",https://spesaonline.conad.it/p/due-bonta-yogurt-cremoso-bianco-piu-cereali-al-cioccolato-150-g-conad--400377
Fino al 13 novembre,Due bontà yogurt cremoso bianco più stelline al cioccolato 150 g Conad,Dos bondades yogur blanco cremoso más estrellas de chocolate Conad 150 g,"1,09€",-31%,"0,75€",https://spesaonline.conad.it/p/due-bonta-yogurt-cremoso-bianco-piu-stelline-al-cioccolato-150-g-conad--400517
Fino al 13 novembre,Essentiae Crema Mani Protettiva per mani secche e screpolate 100 ml Conad,Essentiae Crema Protettiva per mani secche e screpolate 100 ml Conad,"1,99€",-15%,"1,69€",https://spesaonline.conad.it/p/essentiae-crema-mani-protettiva-per-mani-secche-e-screpolate-100-ml-conad--402494
Fino al 15 novembre,Finette Classiche 16 fette 400 g Conad,Finette Clásica 16 lonchas 400 g Conad,"2,39€",-0%,"2,39€",https://spesaonline.conad.it/p/finette-classiche-16-fette-400-g-conad--341375
Fino al 13 novembre,Fiocchi di Avena Biologici 350 g Verso Natura Bio Conad,Copos de Avena Ecológica 350 g Verso Natura Bio Conad,"1,99€",-15%,"1,69€",https://spesaonline.conad.it/p/fiocchi-di-avena-biologici-350-g-verso-natura-bio-conad--400957
Fino al 23 novembre,Formaggio Dolce a Pasta Filata 270 g Conad,Queso Dulce de Pasta Hilada 270 g Conad,"2,99€",-20%,"2,39€",https://spesaonline.conad.it/p/formaggio-dolce-a-pasta-filata-270-g-conad--346089
Fino al 20 novembre,Freschi & Convenienti Edamer a Fette 130 g Conad,Fresh & Convenient Edamer en lonchas 130 g Conad,"2,29€",-13%,"1,99€",https://spesaonline.conad.it/p/freschi--convenienti-edamer-a-fette-130-g-conad--402602
Fino al 13 novembre,Freschi & Soffici Prosciutto Cotto di Alta Qualità 80 g Conad,Jamón Cocido Fresh & Soft Alta Calidad 80 g Conad,"1,39€",-14%,"1,19€",https://spesaonline.conad.it/p/freschi--soffici-prosciutto-cotto-di-alta-qualita-80-g-conad--348383
Fino al 15 novembre,Frèt Brachetto d'Acqui DOCG Dolce 75 cl,Frêt Brachetto d'Acqui DOCG Dulce 75 cl,"6,99€",-14%,"5,99€",https://spesaonline.conad.it/p/fret-brachetto-dacqui-docg-dolce-75-cl--348598
Fino al 13 novembre,Frutta & Frutta Albicocche Biologiche 330 g Verso Natura Bio Conad,Fruit & Fruit Organic Albaricoques 330 g Verso Natura Bio Conad,"3,15€",-21%,"2,49€",https://spesaonline.conad.it/p/frutta--frutta-albicocche-biologiche-330-g-verso-natura-bio-conad--401105
Fino al 13 novembre,Frutta & Frutta Arance Amare Biologiche 340 g Verso Natura Bio Conad,Fruit & Fruit Naranjas Amargas Ecológicas 340 g Verso Natura Bio Conad,"3,15€",-21%,"2,49€",https://spesaonline.conad.it/p/frutta--frutta-arance-amare-biologiche-340-g-verso-natura-bio-conad--401104
Fino al 13 novembre,Frutta & Frutta Ciliegie Biologiche 330 g Verso Natura Bio Conad,Fruit & Fruit Cerezas Bio 330 g Verso Natura Bio Conad,"3,15€",-21%,"2,49€",https://spesaonline.conad.it/p/frutta--frutta-ciliegie-biologiche-330-g-verso-natura-bio-conad--401110
Fino al 13 novembre,Frutta & Frutta Fragole Biologiche 330 g Verso Natura Bio Conad,Fruit & Fruit Fresas Ecológicas 330 g Verso Natura Bio Conad,"3,15€",-21%,"2,49€",https://spesaonline.conad.it/p/frutta--frutta-fragole-biologiche-330-g-verso-natura-bio-conad--401111
Fino al 13 novembre,Frutta & Frutta Frutti di Bosco Biologici 330 g Verso Natura Bio Conad,Fruit & Fruit Bio Bayas 330 g Verso Natura Bio Conad,"3,29€",-19%,"2,65€",https://spesaonline.conad.it/p/frutta--frutta-frutti-di-bosco-biologici-330-g-verso-natura-bio-conad--401109
Fino al 13 novembre,Frutta & Frutta Mirtilli Biologici 330 g Verso Natura Bio Conad,Fruit & Fruit Arándanos Ecológicos 330 g Verso Natura Bio Conad,"3,29€",-19%,"2,65€",https://spesaonline.conad.it/p/frutta--frutta-mirtilli-biologici-330-g-verso-natura-bio-conad--401106
Fino al 13 novembre,Frutta & Frutta Pesche Biologiche 330 g Verso Natura Bio Conad,Fruit & Fruit Bio Melocotones 330 g Verso Natura Bio Conad,"3,15€",-21%,"2,49€",https://spesaonline.conad.it/p/frutta--frutta-pesche-biologiche-330-g-verso-natura-bio-conad--401272
Fino al 15 novembre,Funghi Champignon Affettati Conad,Champiñones Laminados Conad,"1,99€",-0%,"1,99€",https://spesaonline.conad.it/p/funghi-champignon-affettati-conad--11134016
Fino al 15 novembre,Gli Appetitosi Formaggi + Mozzarella Surgelati 4 Pezzi 266 g Conad,Appetitosi Quesos + Mozzarella Congelada 4 Piezas 266 g Conad,"1,59€",-0%,"1,59€",https://spesaonline.conad.it/p/gli-appetitosi-formaggi--mozzarella-surgelati-4-pezzi-266-g-conad--401738
Fino al 15 novembre,Gli Appetitosi Funghi + Mozzarella Surgelati 4 Pezzi 266 g Conad,Champiñones Appetitosi + Mozzarella Congelada 4 Piezas 266 g Conad,"1,59€",-0%,"1,59€",https://spesaonline.conad.it/p/gli-appetitosi-funghi--mozzarella-surgelati-4-pezzi-266-g-conad--401740
Fino al 15 novembre,Gli Appetitosi Pomodoro + Mozzarella Surgelati 4 Pezzi 266 g Conad,Gli Appetitosi Tomate Congelado + Mozzarella 4 Piezas 266 g Conad,"1,59€",-0%,"1,59€",https://spesaonline.conad.it/p/gli-appetitosi-pomodoro--mozzarella-surgelati-4-pezzi-266-g-conad--401737
Fino al 15 novembre,Gli Appetitosi Prosciutto Cotto + Mozzarella Surgelati 4 Pezzi 266 g Conad,Appetitosi Jamón Cocido + Mozzarella Congelada 4 Piezas 266 g Conad,"1,59€",-0%,"1,59€",https://spesaonline.conad.it/p/gli-appetitosi-prosciutto-cotto--mozzarella-surgelati-4-pezzi-266-g-conad--401739
Fino al 13 novembre,Grappa Cuor di Franciacorta 50 cl Sapori & Dintorni Conad,Grappa Cuor di Franciacorta 50 cl Sapori & Entorno Conad,"10,99€",-9%,"9,99€",https://spesaonline.conad.it/p/grappa-cuor-di-franciacorta-50-cl-sapori--dintorni-conad--401589
Fino al 18 novembre,Grissini Rubatà 250 g Sapori & Dintorni Conad,Grissini Rubatà 250 g Sapori & Entorno Conad,"1,69€",-12%,"1,49€",https://spesaonline.conad.it/p/grissini-rubata-250-g-sapori--dintorni-conad--237924
Fino al 15 novembre,Gusto & Aroma Deciso e Intenso Caffè Macinato 250 g Conad,Sabor y Aroma Café Molido Fuerte e Intenso 250 g Conad,"1,85€",-0%,"1,85€",https://spesaonline.conad.it/p/gusto--aroma-deciso-e-intenso-caffe-macinato-250-g-conad--156714
Fino al 15 novembre,Gusto & Aroma Gusto Morbido e Rotondo g 250 Conad,Sabor & Aroma Sabor Suave y Redondo g 250 Conad,"1,85€",-0%,"1,85€",https://spesaonline.conad.it/p/gusto--aroma-gusto-morbido-e-rotondo-g-250-conad--203749
Fino al 13 novembre,I Dessert Bon Bon Gusti Assortiti 12 gelati 120 g Conad,Surtido Bon Bon Gusti Postres 12 helados 120 g Conad,"4,69€",-21%,"3,69€",https://spesaonline.conad.it/p/i-dessert-bon-bon-gusti-assortiti-12-gelati-120-g-conad--402167
Fino al 21 novembre,Insalata Russa 200 g Conad,Ensaladilla rusa 200 g Conad,"1,09€",-9%,"0,99€",https://spesaonline.conad.it/p/insalata-russa-200-g-conad--401693
Fino al 15 novembre,"Junior per Cuccioli oltre le 6 settimane con Pollo & Riso 1,5 kg Petfriends Conad","Junior para cachorros de más de 6 semanas con Pollo y Arroz 1,5 kg Petfriends Conad","3,19€",-0%,"3,19€",https://spesaonline.conad.it/p/junior-per-cuccioli-oltre-le-6-settimane-con-pollo--riso-15-kg-petfriends-conad--402317
Fino al 16 novembre,Kiwi e Cereali 2 x 125 g Piacersi Conad,Kiwi y Cereales 2 x 125 g Piacersi Conad,"1,19€",-17%,"0,99€",https://spesaonline.conad.it/p/kiwi-e-cereali-2-x-125-g-piacersi-conad--355505
Fino al 13 novembre,Lavastoviglie Brillantante Limone 250 ml Conad,Lavastoviglie Brillantante Limone 250 ml Conad,"1,39€",-14%,"1,19€",https://spesaonline.conad.it/p/lavastoviglie-brillantante-limone-250-ml-conad--308295
Fino al 15 novembre,Mascarpone g. 250 Conad,mascarpone g. 250 Conad,"2,69€",-15%,"2,29€",https://spesaonline.conad.it/p/mascarpone-g--250-conad--159854
Fino al 13 novembre,Minestrone Tradizionale 500 g Conad,Minestrone Tradicional 500 g Conad,"1,19€",-0%,"1,19€",https://spesaonline.conad.it/p/minestrone-tradizionale-500-g-conad--344540
Fino al 15 novembre,Mirto di Sardegna Su Connottu 50 cl Sapori & Dintorni Conad,Mirto de Cerdeña Su Connotto 50 cl Sabores y Entorno Conad,"10,99€",-27%,"7,99€",https://spesaonline.conad.it/p/mirto-di-sardegna-su-connottu-50-cl-sapori--dintorni-conad--230224
Fino al 13 novembre,Paccheri Pasta di Gragnano IGP 500 g Sapori & Dintorni Conad,Paccheri Pasta di Gragnano IGP 500 g Sabores y Entorno Conad,"1,59€",-19%,"1,29€",https://spesaonline.conad.it/p/paccheri-pasta-di-gragnano-igp-500-g-sapori--dintorni-conad--400600
Fino al 14 novembre,Pane di grano duro con olio extravergine di oliva g. 400 Conad,Pan de trigo duro con aceite de oliva virgen extra g. 400 Conad,"1,15€",-14%,"0,99€",https://spesaonline.conad.it/p/pane-di-grano-duro-con-olio-extravergine-di-oliva-g--400-conad--265034
Fino al 13 novembre,Passato di Patate e Carote 500 g Conad,Puré de Patatas y Zanahorias 500 g Conad,"1,19€",-0%,"1,19€",https://spesaonline.conad.it/p/passato-di-patate-e-carote-500-g-conad--400790
Fino al 13 novembre,Passato Tradizionale 500 g Conad,Pasta Tradicional Conad 500 g,"1,19€",-0%,"1,19€",https://spesaonline.conad.it/p/passato-tradizionale-500-g-conad--344542
Fino al 16 novembre,Pasta Brisée 230 g Conad,Pasta Quebrada 230 g Conad,"1,15€",-5%,"1,09€",https://spesaonline.conad.it/p/pasta-brisee-230-g-conad--320906
Fino al 15 novembre,Pasticcini al Cioccolato 90 g Conad,Pasteles De Chocolate 90 g Conad,"1,59€",-19%,"1,29€",https://spesaonline.conad.it/p/pasticcini-al-cioccolato-90-g-conad--401133
Fino al 15 novembre,Pesche in Sciroppo 415 g Conad,Melocotones en Almíbar 415 g Conad,"1,49€",-20%,"1,19€",https://spesaonline.conad.it/p/pesche-in-sciroppo-415-g-conad--263427
Fino al 13 novembre,Petto di Pollo al Forno 100 g Piacersi Conad,Pechuga de Pollo al Horno 100 g Piacersi Conad,"1,85€",-14%,"1,59€",https://spesaonline.conad.it/p/petto-di-pollo-al-forno-100-g-piacersi-conad--348376
Fino al 13 novembre,"Piacersi 0,1% di Grassi Bianco Magro 2 x 125 g Conad","Disfruta 0,1% de Grasa Blanca 2 x 125 g Conad","0,99€",-24%,"0,75€",https://spesaonline.conad.it/p/piacersi-01-di-grassi-bianco-magro-2-x-125-g-conad--363231
Fino al 13 novembre,"Piacersi 0,1% di Grassi Caffè 2 x 125 g Conad","Disfruta 0,1% de Grasa de Café 2 x 125 g Conad","1,05€",-34%,"0,69€",https://spesaonline.conad.it/p/piacersi-01-di-grassi-caffe-2-x-125-g-conad--400796
Fino al 13 novembre,Piacersi Petto di Tacchino al Forno 100 g Conad,Piacersi Pechuga de Pavo al Horno 100 g Conad,"1,85€",-14%,"1,59€",https://spesaonline.conad.it/p/piacersi-petto-di-tacchino-al-forno-100-g-conad--348375
Fino al 13 novembre,Piacersi Prosciutto Cotto Alta Qualità 100 g Conad,Piacersi Jamón Cocido Alta Calidad 100 g Conad,"2,29€",-13%,"1,99€",https://spesaonline.conad.it/p/piacersi-prosciutto-cotto-alta-qualita-100-g-conad--348378
Fino al 13 novembre,Piadina Romagnola IGP alla Riminese 3 pezzi 360 g Sapori e Dintorni Conad,Piadina Romagnola IGP Rimini estilo 3 piezas 360 g Sabores y Entorno Conad,"1,79€",-17%,"1,49€",https://spesaonline.conad.it/p/piadina-romagnola-igp-alla-riminese-3-pezzi-360-g-sapori-e-dintorni-conad--242759
Fino al 15 novembre,Piatti Concentrato Lime e Menta 500 ml Verso Natura Eco Conad,Concentrado de Lima y Menta Platos 500 ml Verso Natura Eco Conad,"1,29€",-23%,"0,99€",https://spesaonline.conad.it/p/piatti-concentrato-lime-e-menta-500-ml-verso-natura-eco-conad--401220
Fino al 20 novembre,Pinoli 40 g Conad,Piñones 40 g Conad,"4,99€",-20%,"3,99€",https://spesaonline.conad.it/p/pinoli-40-g-conad--402559
Fino al 13 novembre,Piselli Finissimi Surgelati 750g Conad,Guisantes Finos Congelados 750g Conad,"3,49€",-29%,"2,49€",https://spesaonline.conad.it/p/piselli-finissimi-surgelati-750g-conad--329179
Fino al 18 novembre,Prosciutto Cotto 100 g Conad,Jamón Cocido 100 g Conad,"1,49€",-13%,"1,29€",https://spesaonline.conad.it/p/prosciutto-cotto-100-g-conad--194239
Fino al 16 novembre,Prugna 2 x 125 g Conad,Ciruela 2 x 125 g Conad,"1,19€",-17%,"0,99€",https://spesaonline.conad.it/p/prugna-2-x-125-g-conad--344815
Fino al 15 novembre,Punte di asparagi surgelate 300 g Conad,Puntas de espárragos congelados 300 g Conad,"4,79€",-17%,"3,99€",https://spesaonline.conad.it/p/punte-di-asparagi-surgelate-300-g-conad--400384
Fino al 13 novembre,Purè di Patate in Fiocchi 3 Buste 225 g Conad,Puré de Patatas en Copos 3 Bolsas 225 g Conad,"1,89€",-37%,"1,19€",https://spesaonline.conad.it/p/pure-di-patate-in-fiocchi-3-buste-225-g-conad--208868
Fino al 15 novembre,Ragù di Carne di Cinghiale 180 g Sapori & Idee Conad,Salsa de Carne de Jabalí 180 g Sapori & Idee Conad,"3,59€",-28%,"2,59€",https://spesaonline.conad.it/p/ragu-di-carne-di-cinghiale-180-g-sapori--idee-conad--402524
Fino al 13 novembre,Salsa Cocktail 240 g Conad,Salsa Cocktail 240 g Conad,"1,99€",-10%,"1,79€",https://spesaonline.conad.it/p/salsa-cocktail-240-g-conad--157276
Fino al 13 novembre,Salsa pronta di Ciliegino di Sicilia 330 g Sapori & Dintorni Conad,Salsa de Cereza Siciliana Preparada 330 g Sapori & Dintorni Conad,"1,19€",-17%,"0,99€",https://spesaonline.conad.it/p/salsa-pronta-di-ciliegino-di-sicilia-330-g-sapori--dintorni-conad--401485
Fino al 13 novembre,Salsa pronta di Datterino di Sicilia 330 g Sapori & Dintorni Conad,Salsa de tomate datterino siciliana preparada 330 g Sapori & Dintorni Conad,"1,19€",-17%,"0,99€",https://spesaonline.conad.it/p/salsa-pronta-di-datterino-di-sicilia-330-g-sapori--dintorni-conad--402527
Fino al 13 novembre,Salsa Tartara 240 g Conad,Salsa Tartara 240 g Conad,"1,99€",-10%,"1,79€",https://spesaonline.conad.it/p/salsa-tartara-240-g-conad--157275
Fino al 13 novembre,Salsa Tonnata 240 g Conad,Salsa Tonnata 240 g Conad,"1,99€",-10%,"1,79€",https://spesaonline.conad.it/p/salsa-tonnata-240-g-conad--157274
Fino al 13 novembre,SAPORI & DINTORNI CONAD Burrata Pugliese 2 x 100 g,SABORES Y ENTORNO CONAD Burrata de Puglia 2 x 100 g,"3,89€",-8%,"3,59€",https://spesaonline.conad.it/p/sapori--dintorni-conad-burrata-pugliese-2-x-100-g--402414
Fino al 13 novembre,SAPORI & DINTORNI CONAD Cappellacci Burrata e 'Nduja 250 g,SABORES Y ENTORNO CONAD Cappellacci Burrata y 'Nduja 250 g,"3,59€",-28%,"2,59€",https://spesaonline.conad.it/p/sapori--dintorni-conad-cappellacci-burrata-e-nduja-250-g--401979
Fino al 13 novembre,SAPORI & DINTORNI CONAD Cappellacci con Zucca e Parmigiano Reggiano 250 g,SABORES Y ENTORNO CONAD Cappellacci con Calabaza y Parmigiano Reggiano 250 g,"3,39€",-24%,"2,59€",https://spesaonline.conad.it/p/sapori--dintorni-conad-cappellacci-con-zucca-e-parmigiano-reggiano-250-g--402552
Fino al 13 novembre,"SAPORI & DINTORNI CONAD Cappellacci Friarielli e ""Mozzarella di Bufala Campana DOP"" 250 g","SABORES Y ENTORNO CONAD Cappellacci Friarielli y ""Mozzarella di Bufala Campana DOP"" 250 g","3,39€",-24%,"2,59€",https://spesaonline.conad.it/p/sapori--dintorni-conad-cappellacci-friarielli-e-mozzarella-di-bufala-campana-dop-250-g--401975
Fino al 13 novembre,SAPORI & DINTORNI CONAD Girasoli Cacio e Pepe 250 g,SABORES Y ENTORNO CONAD Girasoles con Queso y Pimienta 250 g,"3,39€",-24%,"2,59€",https://spesaonline.conad.it/p/sapori--dintorni-conad-girasoli-cacio-e-pepe-250-g--402553
Fino al 13 novembre,SAPORI & DINTORNI CONAD Girasoli Cacio e Pepe 250 g,SABORES Y ENTORNO CONAD Girasoles con Queso y Pimienta 250 g,"3,39€",-24%,"2,59€",https://spesaonline.conad.it/p/sapori--dintorni-conad-girasoli-cacio-e-pepe-250-g--402553
Fino al 13 novembre,SAPORI & DINTORNI CONAD Grandi Mezzelune Asparagi e Pancetta 250 g,SABORES Y ENTORNO CONAD Grandi Mezzelune Espárragos y Bacon 250 g,"3,39€",-24%,"2,59€",https://spesaonline.conad.it/p/sapori--dintorni-conad-grandi-mezzelune-asparagi-e-pancetta-250-g--401981
Fino al 13 novembre,SAPORI & DINTORNI CONAD Guanciale 100 g,SABORES Y ENTORNO CONAD Almohada 100 g,"2,99€",-7%,"2,79€",https://spesaonline.conad.it/p/sapori--dintorni-conad-guanciale-100-g--402454
Fino al 13 novembre,SAPORI & DINTORNI CONAD Pici Senesi 350 g,SABORES Y ENTORNO CONAD Pici Senesi 350 g,"1,69€",-12%,"1,49€",https://spesaonline.conad.it/p/sapori--dintorni-conad-pici-senesi-350-g--335248
Fino al 13 novembre,SAPORI & IDEE CONAD Percorso Qualità Hamburger di Scottona Gusto Raffinato 180 g,CONAD FLAVORS & IDEAS Hamburguesa Scottona Camino de Calidad Sabor Refinado 180 g,"3,20€",-9%,"2,90€",https://spesaonline.conad.it/p/sapori--idee-conad-percorso-qualita-hamburger-di-scottona-gusto-raffinato-180-g--50036356
Fino al 13 novembre,Servelade 2 pezzi 200 g Sapori & Dintorni Conad,Servelade 2 piezas 200 g Sapori & Entorno Conad,"2,19€",-14%,"1,89€",https://spesaonline.conad.it/p/servelade-2-pezzi-200-g-sapori--dintorni-conad--400489
Fino al 13 novembre,Snack con Manzo 5 x 11 g Petfriends Conad,Snack con Manzo 5 x 11 g Petfriends Conad,"1,35€",-7%,"1,25€",https://spesaonline.conad.it/p/snack-con-manzo-5-x-11-g-petfriends-conad--402366
Fino al 13 novembre,Snack con Pollo 5 x 11 g Petfriends Conad,Snack con Pollo 5 x 11 g Petfriends Conad,"1,35€",-7%,"1,25€",https://spesaonline.conad.it/p/snack-con-pollo-5-x-11-g-petfriends-conad--402367
Fino al 13 novembre,Spaghetti alla Chitarra 250 g Conad,Espaguetis a la Chitarra 250 g Conad,"1,20€",-17%,"0,99€",https://spesaonline.conad.it/p/spaghetti-alla-chitarra-250-g-conad--312810
Fino al 15 novembre,Spirale Acciaio Inox 2 Pezzi Conad,Espiral Acero Inoxidable 2 Piezas Conad,"1,10€",-55%,"0,49€",https://spesaonline.conad.it/p/spirale-acciaio-inox-2-pezzi-conad--308982
Fino al 15 novembre,Sugo alle Vongole Surgelato 450 g Conad,Salsa de Almejas Helada 450 g Conad,"4,19€",-5%,"3,99€",https://spesaonline.conad.it/p/sugo-alle-vongole-surgelato-450-g-conad--401909
Fino al 15 novembre,Sugo allo Scoglio con Pomodoro Surgelato 450 g Conad,Salsa de Mariscos con Tomate Helado 450 g Conad,"4,19€",-5%,"3,99€",https://spesaonline.conad.it/p/sugo-allo-scoglio-con-pomodoro-surgelato-450-g-conad--400717
Fino al 15 novembre,Sugo allo Scoglio Surgelato 450 g Conad,Salsa de marisco congelada 450 g Conad,"4,19€",-5%,"3,99€",https://spesaonline.conad.it/p/sugo-allo-scoglio-surgelato-450-g-conad--331020
Fino al 13 novembre,Tortellini con prosciutto crudo 500 g Conad,Tortellini con jamón crudo 500 g Conad,"2,49€",-20%,"1,99€",https://spesaonline.conad.it/p/tortellini-con-prosciutto-crudo-500-g-conad--345578
Fino al 13 novembre,Treccione di Pasta Filata Affumicato Conad,Trenza de pasta hilada ahumada de Conad,"1,69€",-14%,"1,45€",https://spesaonline.conad.it/p/treccione-di-pasta-filata-affumicato-conad--402503
Fino al 15 novembre,TRODO ANTICO Chardonnay Veneto IGT Vino Frizzante 75 cl,TRODO ANTICO Chardonnay Veneto IGT Vino Frizzante 75 cl,"3,29€",-15%,"2,79€",https://spesaonline.conad.it/p/trodo-antico-chardonnay-veneto-igt-vino-frizzante-75-cl--348029
Fino al 15 novembre,TRODO ANTICO Pinot Bianco Veneto IGT Vino Frizzante 75 cl,TRODO ANTICO Pinot Bianco Veneto IGT Vino Espumoso 75 cl,"3,29€",-15%,"2,79€",https://spesaonline.conad.it/p/trodo-antico-pinot-bianco-veneto-igt-vino-frizzante-75-cl--348031
Fino al 15 novembre,TRODO ANTICO Verduzzo Veneto IGT Vino Frizzante 75 cl,TRODO ANTICO Verduzzo Veneto IGT Vino Espumoso 75 cl,"3,29€",-15%,"2,79€",https://spesaonline.conad.it/p/trodo-antico-verduzzo-veneto-igt-vino-frizzante-75-cl--348034
Fino al 13 novembre,Vellutata di Zucca 500 g Conad,Crema de Calabaza 500 g Conad,"1,19€",-0%,"1,19€",https://spesaonline.conad.it/p/vellutata-di-zucca-500-g-conad--356795
Fino al 13 novembre,"Yogurt 0,1% di Grassi Fragola in pezzi 2 x 125 g Piacersi Conad","Yogur 0,1% Grasa Fresa en trozos 2 x 125 g Piacersi Conad","1,05€",-29%,"0,75€",https://spesaonline.conad.it/p/yogurt-01-di-grassi-fragola-in-pezzi-2-x-125-g-piacersi-conad--363223
Fino al 18 novembre,Yogurt cremoso - Fragola - Biologico 2x125g Verso Natura Bio Conad,Yogurt cremoso - Fragola - Biologico 2x125g Verso Natura Bio Conad,"1,29€",-23%,"0,99€",https://spesaonline.conad.it/p/yogurt-cremoso---fragola---biologico--2x125g-verso-natura-bio-conad--401097
Fino al 18 novembre,Yogurt Cremoso Pera Biologico Intero 2 x 125 g Verso Natura Bio Conad,Yogurt Cremoso Pera Biologico Intero 2 x 125 g Verso Natura Bio Conad,"1,29€",-23%,"0,99€",https://spesaonline.conad.it/p/yogurt-cremoso-pera-biologico-intero-2-x-125-g-verso-natura-bio-conad--401472
Fino al 13 novembre,Zuppa di Ceci 500 g Conad,Sopa de garbanzos 500 g Conad,"1,19€",-0%,"1,19€",https://spesaonline.conad.it/p/zuppa-di-ceci-500-g-conad--400789
Fino al 13 novembre,Zuppa di Fagioli 500 g Conad,Sopa de Frijoles 500 g Conad,"1,19€",-0%,"1,19€",https://spesaonline.conad.it/p/zuppa-di-fagioli-500-g-conad--344539
Fino al 13 novembre,100% Mela 1 l Conad,100% Manzana 1 l Conad,"1,85€",-25%,"1,39€",https://spesaonline.conad.it/p/100-mela-1-l-conad--357092
Fino al 13 novembre,8.6 Original 500 mL,8.6 originales 500ml,"1,79€",-11%,"1,59€",https://spesaonline.conad.it/p/86-original-500-ml--10911877
Fino al 13 novembre,"ACQUA DANONE VITASNELLA LT.1,5",DANONE AGUA VITASNELLA LT.1.5,"3,54€",-24%,"2,70€",https://spesaonline.conad.it/p/acqua-danone-vitasnella-lt15--v_8262_80602_6097410_S
Fino al 13 novembre,Activia Fibre Avena noci 4 x 125 g,Activia Fibre Avena noci 4 x 125 g,"2,69€",-11%,"2,39€",https://spesaonline.conad.it/p/activia-fibre-avena-noci-4-x-125-g--10871059
Fino al 13 novembre,Activia Frutta Fragola in pezzi 4 x 125 g,Activia Fruit Fresa en trozos 4 x 125 g,"2,69€",-11%,"2,39€",https://spesaonline.conad.it/p/activia-frutta-fragola-in-pezzi-4-x-125-g--10871008
Fino al 13 novembre,ACTIVIA Vellutato Fragola 4 vasetti x 125 g,ACTIVIA Fresa Aterciopelada 4 tarros x 125 g,"2,69€",-11%,"2,39€",https://spesaonline.conad.it/p/activia-vellutato-fragola-4-vasetti-x-125-g--10870936
Fino al 15 novembre,"ADEZ, Bevanda Vegetale al Cocco 800ml (PET)","ADEZ, Bebida Vegetal con Coco 800ml (PET)","2,59€",-15%,"2,19€",https://spesaonline.conad.it/p/adez-bevanda-vegetale-al-cocco-800ml-pet--10908847
Fino al 15 novembre,"ADEZ, Bevanda Vegetale all'Avena 800ml (PET)","ADEZ, Bevanda Vegetale all'Avena 800ml (PET)","2,59€",-15%,"2,19€",https://spesaonline.conad.it/p/adez-bevanda-vegetale-allavena-800ml-pet--10908992
Fino al 15 novembre,"ADEZ, Bevanda Vegetale alla Mandorla con Avena e Riso 800ml (PET)","ADEZ, Bebida Vegetal con Almendra con Avena y Arroz 800ml (PET)","2,59€",-15%,"2,19€",https://spesaonline.conad.it/p/adez-bevanda-vegetale-alla-mandorla-con-avena-e-riso-800ml-pet--10908852
Fino al 13 novembre,Aia Wudy Formaggio 150 g,Queso Aia Wudy 150 g,"0,99€",-10%,"0,89€",https://spesaonline.conad.it/p/aia-wudy-formaggio-150-g--11233189
Fino al 15 novembre,Algida Cremino 8 x 42 g,Algida Cremino 8 x 42 g,"3,79€",-20%,"3,05€",https://spesaonline.conad.it/p/algida-cremino-8-x-42-g--11388049
Fino al 15 novembre,Algida Cremino 8 x 42 g,Algida Cremino 8 x 42 g,"3,79€",-20%,"3,05€",https://spesaonline.conad.it/p/algida-cremino-8-x-42-g--10883855
Fino al 15 novembre,Algida Cucciolone Classico 6 x 80 g,Algida Cachorro Clásica 6 x 80 g,"4,39€",-9%,"3,99€",https://spesaonline.conad.it/p/algida-cucciolone-classico-6-x-80-g--10884224
Fino al 20 novembre,"Allegra San Benedetto 1,5 L PET","Allegra San Benedetto 1,5 L PET","1,09€",-18%,"0,89€",https://spesaonline.conad.it/p/allegra-san-benedetto-15-l-pet--10914401
Fino al 13 novembre,Ambi Pur Air Effects Brezza Marina 300 ml,Ambi Pura Air Effects Brasil Marina 300 Mall,"3,69€",-19%,"2,99€",https://spesaonline.conad.it/p/ambi-pur-air-effects-brezza-marina-300-ml--11093832
Fino al 13 novembre,"Ambi Pur Profumatore per Ambienti, Deodorante Spray, Lenor Oro e Fiori Vaniglia, 300 ml","Ambi Pur Ambientador, Desodorante en Spray, Oro Lenor y Flores de Vainilla, 300 ml","3,49€",-14%,"2,99€",https://spesaonline.conad.it/p/ambi-pur-profumatore-per-ambienti-deodorante-spray-lenor-oro-e-fiori-vaniglia-300-ml--11093366
Fino al 15 novembre,Amica Chips Pallina di mais gusto Pizza 125 g,Amica Chips Sabor Pizza bola de maíz 125 g,"1,39€",-14%,"1,19€",https://spesaonline.conad.it/p/amica-chips-pallina-di-mais-gusto-pizza-125-g--10975531
Fino al 13 novembre,Asdomar Tonno all'olio di oliva 3 x 80 g,Asdomar Atún en aceite de oliva 3 x 80 g,"3,79€",-13%,"3,29€",https://spesaonline.conad.it/p/asdomar-tonno-allolio-di-oliva-3-x-80-g--10714681
Fino al 13 novembre,Auricchio Provolone Piccante L'Originale 200 g,Auricchio Provolone Picante El Original 200 g,"4,89€",-41%,"2,89€",https://spesaonline.conad.it/p/auricchio-provolone-piccante-loriginale-200-g--11179956
Fino al 15 novembre,Baby Pannolini Newborn 1 2/5 kg 28 pezzi Conad,Bebé Pañales Recién nacido 1 2/5 kg 28 piezas Conad,"4,99€",-10%,"4,49€",https://spesaonline.conad.it/p/baby-pannolini-newborn-1-2-5-kg-28-pezzi-conad--401426
Fino al 15 novembre,Barilla Emiliane Lasagne all'uovo sfoglia ruvida e porosa 500g,Barilla Emiliane Huevo lasagna masa rugosa y porosa 500g,"2,49€",-36%,"1,59€",https://spesaonline.conad.it/p/barilla-emiliane-lasagne-alluovo-sfoglia-ruvida-e-porosa-500g--10731611
Fino al 15 novembre,Barilla Emiliane Tortellini all'uovo 250g,Barilla Emiliane Tortellini con huevo 250g,"3,29€",-15%,"2,79€",https://spesaonline.conad.it/p/barilla-emiliane-tortellini-alluovo-250g--10731565
Fino al 13 novembre,Barilla Integrale Casarecce 500 g,Barilla Integrale Casarecce 500 g,"1,59€",-25%,"1,19€",https://spesaonline.conad.it/p/barilla-integrale-casarecce-500-g--11104879
Fino al 13 novembre,Barilla Integrale Farfalle 500 g,Barilla Mariposas Integrales 500 g,"1,69€",-30%,"1,19€",https://spesaonline.conad.it/p/barilla-integrale-farfalle-500-g--11104882
Fino al 13 novembre,Barilla Integrale Spaghetti 500 g,Espaguetis Integrales Barilla 500 g,"1,69€",-30%,"1,19€",https://spesaonline.conad.it/p/barilla-integrale-spaghetti-500-g--10849212
Fino al 13 novembre,Barilla Pesto alla Genovese con Basilico Fresco 190g,Pesto Barilla Genovese con Albahaca Fresca 190g,"2,79€",-11%,"2,49€",https://spesaonline.conad.it/p/barilla-pesto-alla-genovese-con-basilico-fresco-190g--11413669
Fino al 13 novembre,Barilla Pesto alla Genovese senza Aglio 190g,Barilla Pesto alla Genovese sin Ajo 190g,"2,79€",-11%,"2,49€",https://spesaonline.conad.it/p/barilla-pesto-alla-genovese-senza-aglio-190g--11413682
Fino al 13 novembre,Barilla Pesto Calabrese Peperoni e Peperoncini 190g,Barilla Calabrese Pesto Pimientos Y Guindillas 190g,"2,79€",-11%,"2,49€",https://spesaonline.conad.it/p/barilla-pesto-calabrese-peperoni-e-peperoncini-190g--10729714
Fino al 13 novembre,Barilla Pesto con Basilico e Rucola 190g,Pesto de Barilla con Albahaca y Rúcula 190g,"2,79€",-11%,"2,49€",https://spesaonline.conad.it/p/barilla-pesto-con-basilico-e-rucola-190g--10729609
Fino al 13 novembre,Barilla Pesto Genovese Vegan 195g,Barilla Pesto Genovese Vegano 195g,"2,79€",-11%,"2,49€",https://spesaonline.conad.it/p/barilla-pesto-genovese-vegan-195g--11427801
Fino al 13 novembre,Barilla Pesto Ricotta e Noci 190g,Barilla Pesto Ricotta y Nueces 190g,"2,79€",-11%,"2,49€",https://spesaonline.conad.it/p/barilla-pesto-ricotta-e-noci-190g--11413666
Fino al 13 novembre,Barilla Pesto Ricotta e Noci 190g,Barilla Pesto Ricotta y Nueces 190g,"2,79€",-11%,"2,49€",https://spesaonline.conad.it/p/barilla-pesto-ricotta-e-noci-190g--10729729
Fino al 13 novembre,Barilla Pesto Rosso Aceto Balsamico Modena 200g,Vinagre Balsámico de Módena Pesto Rojo Barilla 200g,"2,79€",-11%,"2,49€",https://spesaonline.conad.it/p/barilla-pesto-rosso-aceto-balsamico-modena-200g--10729580
Fino al 13 novembre,Barilla Sugo Pesto Basilico e Rucola 190g,Pesto Barilla Salsa De Rúcula Y Albahaca 190g,"2,79€",-11%,"2,49€",https://spesaonline.conad.it/p/barilla-sugo-pesto-basilico-e-rucola-190g--11413670
Fino al 13 novembre,Barilla Tortiglioni Integrali 500g,Tortiglioni Integral Barilla 500g,"1,69€",-30%,"1,19€",https://spesaonline.conad.it/p/barilla-tortiglioni-integrali-500g--11104870
Fino al 20 novembre,Bauli i Classici Croissant Crema pasticcera 10 x 50 g,Natillas Croissant Bauli i Classici 10 x 50 g,"3,99€",-20%,"3,19€",https://spesaonline.conad.it/p/bauli-i-classici-croissant-crema-pasticcera-10-x-50-g--10830575
Fino al 30 novembre,Bauli i Classici Croissant Tradizionale 6 x 40 g,Bauli i Classici Tradicional Croissant 6 x 40 g,"1,89€",-11%,"1,69€",https://spesaonline.conad.it/p/bauli-i-classici-croissant-tradizionale-6-x-40-g--10830641
Fino al 13 novembre,Beck's Birra pilsner tedesca bottiglia 3x33cl,Beck's cerveza pilsner alemana botella 3x33cl,"2,99€",-33%,"1,99€",https://spesaonline.conad.it/p/becks-birra-pilsner-tedesca-bottiglia-3x33cl--10879987
Fino al 13 novembre,Bel Paese Galbani GALBANI,Hermoso país Galbani GALBANI,"1,99€",-20%,"1,59€",https://spesaonline.conad.it/p/bel-paese-galbani-galbani--10774802
Fino al 13 novembre,BREF WC Power Activ Lavanda 50gr,BREF Aseo Power Activ Lavanda 50gr,"1,79€",-11%,"1,59€",https://spesaonline.conad.it/p/bref-wc-power-activ-lavanda-50gr--11177643
Fino al 13 novembre,Cameo Ciobar Gusto Fondente 5 x 23 g,Cameo Ciobar Sabor Oscuro 5 x 23 g,"2,09€",-14%,"1,79€",https://spesaonline.conad.it/p/cameo-ciobar-gusto-fondente-5-x-23-g--10714493
Fino al 15 novembre,Cameo Snack Friends Arachidi 3 x 40 g,Cameo Snack Amigos Arachidi 3 x 40 g,"1,99€",-25%,"1,49€",https://spesaonline.conad.it/p/cameo-snack-friends-arachidi-3-x-40-g--10714463
Fino al 15 novembre,Capitan Findus 18 Bastoncini di Merluzzo 450 g,Capitán Findus 18 Palitos de Bacalao 450 g,"6,99€",-36%,"4,49€",https://spesaonline.conad.it/p/capitan-findus-18-bastoncini-di-merluzzo-450-g--10949236
Fino al 15 novembre,Capitan Findus I Gratinati Merluzzo d'Alaska con Pomodoro e Basilico 380 g,Capitan Findus I Bacalao de Alaska Gratinado con Tomate y Albahaca 380 g,"6,69€",-15%,"5,69€",https://spesaonline.conad.it/p/capitan-findus-i-gratinati-merluzzo-dalaska-con-pomodoro-e-basilico-380-g--11145521
Fino al 20 novembre,Carte d'Or Nocciola 400 g,Carte d'Or Avellana 400 g,"3,99€",-35%,"2,59€",https://spesaonline.conad.it/p/carte-dor-nocciola-400-g--10884460
Fino al 20 novembre,Carte d'Or Tiramisù 400 g,Carte d'Or Tiramisú 400 g,"3,99€",-35%,"2,59€",https://spesaonline.conad.it/p/carte-dor-tiramisu-400-g--10884499
Fino al 14 novembre,Cavolfiore Bianco Italia Cat. I,Coliflor Blanca Italia Cat. I,"3,49€",-57%,"1,49€",https://spesaonline.conad.it/p/cavolfiore-bianco-italia-cat-i--10604614
Fino al 13 novembre,Cesar ricette classiche con Tenero Vitello e Pollo 150 g,Cesar ricette classiche con Tenero Vitello e Pollo 150 g,"1,39€",-29%,"0,99€",https://spesaonline.conad.it/p/cesar-ricette-classiche-con-tenero-vitello-e-pollo-150-g--0820171
Fino al 13 novembre,"Cesar selezione dell'orto con Selvaggina, Pollo e Verdurine 150 g","Cesar selección de la huerta con Caza, Pollo y Verduras 150 g","1,39€",-29%,"0,99€",https://spesaonline.conad.it/p/cesar-selezione-dellorto-con-selvaggina-pollo-e-verdurine-150-g--0820158
Fino al 13 novembre,Cesar selezioni dell'orto con Manzo e Verdure dell'Orto 150 g,Cesar selecciones de la huerta con Ternera y Verduras de la Huerta 150 g,"1,39€",-29%,"0,99€",https://spesaonline.conad.it/p/cesar-selezioni-dellorto-con-manzo-e-verdure-dellorto-150-g--0820164
Fino al 13 novembre,"Cesar selezioni dell'orto con Pollo, Carote ed Erbe di Provenza 150 g","Cesar selecciones de la huerta con Pollo, Zanahorias y Hierbas de Provenza 150 g","1,39€",-29%,"0,99€",https://spesaonline.conad.it/p/cesar-selezioni-dellorto-con-pollo-carote-ed-erbe-di-provenza-150-g--0820163
Fino al 13 novembre,Cesar selezioni dell'orto con Tacchino con Cuore di Verdure e Mix di Riso 150 g,Cesar selecciones de la huerta con pavo con corazón de verduras y arroz mix 150 g,"1,39€",-29%,"0,99€",https://spesaonline.conad.it/p/cesar-selezioni-dellorto-con-tacchino-con-cuore-di-verdure-e-mix-di-riso-150-g--0820167
Fino al 13 novembre,CHEERIOS Miele Ciambelline ai 5 cereali integrali con miele 375 g,CHEERIOS Donuts de Miel con 5 cereales integrales con miel 375 g,"3,19€",-28%,"2,29€",https://spesaonline.conad.it/p/cheerios-miele-ciambelline-ai-5-cereali-integrali-con-miele-375-g--10737437
Fino al 13 novembre,"COCA-COLA Zero Zuccheri 1,35 lt x 4 (PET)","COCA-COLA Zero Zuccheri 1,35 lt x 4 (PET)","5,79€",-31%,"3,99€",https://spesaonline.conad.it/p/coca-cola-zero-zuccheri-135-lt-x-4-pet--11199910
Fino al 13 novembre,"Colgate Collutorio Plax Soft Mint, protezione della placca, zero alcol 500 ml",Colgate Plax Soft Mint enjuague bucal protección plax cero alcohol 500 ml,"4,49€",-11%,"3,99€",https://spesaonline.conad.it/p/colgate-collutorio-plax-soft-mint-protezione-della-placca-zero-alcol-500-ml--10930711
Fino al 13 novembre,Colussi il GranTurchese 1200 g,Colussi la Gran Turquesa 1200 g,"4,89€",-29%,"3,49€",https://spesaonline.conad.it/p/colussi-il-granturchese-1200-g--10738768
Fino al 13 novembre,Cornetto Classico 8 x 60 g,Croissant Clásico 8 x 60 g,"5,79€",-14%,"4,99€",https://spesaonline.conad.it/p/cornetto-classico-8-x-60-g--11243408
Fino al 15 novembre,"CORONA EXTRA Birra lager messicana bottiglia 35,5 cl","CORONA EXTRA cerveza lager mexicana botella 35,5 cl","1,69€",-18%,"1,39€",https://spesaonline.conad.it/p/corona-extra-birra-lager-messicana-bottiglia-355-cl--10879957
Fino al 13 novembre,Danacol Fragola 4 x 100 g,Danacol Fragola 4 x 100 g,"3,79€",-16%,"3,19€",https://spesaonline.conad.it/p/danacol-fragola-4-x-100-g--10871038
Fino al 17 novembre,Danone Yogoloso Yogurt alla Banana Super Mario 2 x 110 g,Danone Yogoloso Yogurt alla Banana Super Mario 2 x 110 g,"1,85€",-9%,"1,69€",https://spesaonline.conad.it/p/danone-yogoloso-yogurt-alla-banana-super-mario-2-x-110-g--10870977
Fino al 18 novembre,Danone Yogoloso Yogurt alla Fragola Super Mario 2 x 110 g,Danone Yogoloso Yogurt alla Fragola Super Mario 2 x 110 g,"1,85€",-9%,"1,69€",https://spesaonline.conad.it/p/danone-yogoloso-yogurt-alla-fragola-super-mario-2-x-110-g--10871033
Fino al 13 novembre,Delì Prosciutto Cotto Delicato di Alta Qualità GRAN BISCOTTO,Delì Delicado Jamón Cocido Gran Biscotto,"3,25€",-36%,"2,09€",https://spesaonline.conad.it/p/deli-prosciutto-cotto-delicato-di-alta-qualita-gran-biscotto--10750114
Fino al 15 novembre,Dimension by Lux Shampoo & Balsamo 2in1 Capelli Grassi Effetto Riequilibrante 250 ml,Dimension by Lux Champú y Acondicionador 2 en 1 Cabello Graso Efecto Reequilibrante 250 ml,"1,15€",-31%,"0,79€",https://spesaonline.conad.it/p/dimension-by-lux-shampoo--balsamo-2in1-capelli-grassi-effetto-riequilibrante-250-ml--10884544
Fino al 15 novembre,Dimension by Lux Shampoo & Balsamo 2in1 Capelli Lisci Effetto Seta 250 ml,Dimension by Lux Champú y Acondicionador 2 en 1 Cabello Liso 250 ml,"1,15€",-31%,"0,79€",https://spesaonline.conad.it/p/dimension-by-lux-shampoo--balsamo-2in1-capelli-lisci-effetto-seta-250-ml--10883723
Fino al 15 novembre,Dimension by Lux Shampoo & Balsamo 2in1 Capelli Normali Effetto Brillantezza 250 ml,Dimension by Lux Champú y Acondicionador 2 en 1 Cabello Normal Efecto Brillo 250 ml,"1,15€",-31%,"0,79€",https://spesaonline.conad.it/p/dimension-by-lux-shampoo--balsamo-2in1-capelli-normali-effetto-brillantezza-250-ml--10884514
Fino al 15 novembre,Dimension by Lux Shampoo & Balsamo 2in1 Capelli Secchi Effetto Idratante 250 ml,Dimension by Lux Champú y Acondicionador 2 en 1 Cabello Seco Efecto Hidratante 250 ml,"1,15€",-31%,"0,79€",https://spesaonline.conad.it/p/dimension-by-lux-shampoo--balsamo-2in1-capelli-secchi-effetto-idratante-250-ml--10884199
Fino al 13 novembre,Doria Atene 500g Gardaland,Doria Atenas 500g Gardaland,"1,99€",-15%,"1,69€",https://spesaonline.conad.it/p/doria-atene-500g-gardaland--10830647
Fino al 13 novembre,Dove cotton soft cotton scent 50 ml,Paloma algodón suave aroma de algodón 50 ml,"2,99€",-17%,"2,49€",https://spesaonline.conad.it/p/dove-cotton-soft-cotton-scent-50-ml--10884416
Fino al 13 novembre,Dove Deodorante original roll-on 50 ml,Desodorante roll-on Dove Original 50 ml,"2,99€",-17%,"2,49€",https://spesaonline.conad.it/p/dove-deodorante-original-roll-on-50-ml--10884178
Fino al 13 novembre,Dove go fresh cumber & green tea scent anti-perspirant 150 ml,Dove go antitranspirante con aroma de pepino fresco y té verde 150 ml,"2,99€",-17%,"2,49€",https://spesaonline.conad.it/p/dove-go-fresh-cumber--green-tea-scent-anti-perspirant-150-ml--11393556
Fino al 13 novembre,Dove go fresh pear & aloe vera scent anti-perspirant 150 ml,Dove go antitranspirante pera fresca y aloe vera 150 ml,"2,99€",-17%,"2,49€",https://spesaonline.conad.it/p/dove-go-fresh-pear--aloe-vera-scent-anti-perspirant-150-ml--11393557
Fino al 13 novembre,Dove invisible care water lily & rose scent anti-perspirant 150 ml,Dove cuidado invisible antitranspirante con aroma a nenúfares y rosas 150 ml,"2,99€",-17%,"2,49€",https://spesaonline.conad.it/p/dove-invisible-care-water-lily--rose-scent-anti-perspirant-150-ml--11393546
Fino al 13 novembre,Dove invisible dry white freesia & violet flower scent 150 ml,Fragancia invisible de fresia blanca seca y flor de violeta Dove 150 ml,"2,99€",-17%,"2,49€",https://spesaonline.conad.it/p/dove-invisible-dry-white-freesia--violet-flower-scent-150-ml--11393549
Fino al 13 novembre,Dove Men+Care Clean Comfort Anti-Perspirant 150 ml,Dove Men+Care Clean Comfort Antitranspirante 150 ml,"2,99€",-17%,"2,49€",https://spesaonline.conad.it/p/dove-mencare-clean-comfort-anti-perspirant-150-ml--11393568
Fino al 13 novembre,Dove Men+Care Cool Fresh Anti-Perspirant 150 ml,Dove Men + Care Cool Fresh Antitranspirante 150 ml,"2,99€",-17%,"2,49€",https://spesaonline.conad.it/p/dove-mencare-cool-fresh-anti-perspirant-150-ml--11393559
Fino al 13 novembre,Dove Men+Care Invisible Dry 150 ml,Dove Men+Cuidado Invisible Seco 150 ml,"2,99€",-17%,"2,49€",https://spesaonline.conad.it/p/dove-mencare-invisible-dry-150-ml--11393558
Fino al 13 novembre,Dove original anti-perspirant 150 ml,Dove original antitranspirante 150 ml,"2,99€",-17%,"2,49€",https://spesaonline.conad.it/p/dove-original-anti-perspirant-150-ml--11393553
Fino al 13 novembre,Dove talco profumo di talco 50 ml,Paloma talco perfume de talco 50 ml,"2,99€",-17%,"2,49€",https://spesaonline.conad.it/p/dove-talco-profumo-di-talco-50-ml--10883983
Fino al 13 novembre,Dove talco profumo di talco anti-perspirant 150 ml,Paloma talco perfume de talco antitranspirante 150 ml,"2,99€",-17%,"2,49€",https://spesaonline.conad.it/p/dove-talco-profumo-di-talco-anti-perspirant-150-ml--11393562
Fino al 15 novembre,Dreher Birra Lager Originale 3 x 33 cl,Dreher Birra Lager Originale 3 x 33 cl,"1,99€",-15%,"1,69€",https://spesaonline.conad.it/p/dreher-birra-lager-originale-3-x-33-cl--10908448
Fino al 20 novembre,Dreher Birra Lager Originale 66 cl,Dreher Birra Lager Originale 66cl,"1,19€",-17%,"0,99€",https://spesaonline.conad.it/p/dreher-birra-lager-originale-66-cl--10908426
Fino al 15 novembre,Dreher Radler 3 x 33 cl,Dreher Radler 3 x 33 cl,"2,69€",-37%,"1,69€",https://spesaonline.conad.it/p/dreher-radler-3-x-33-cl--10908402
Fino al 13 novembre,"Energade 0,5 L regular Limone",Energade 0.5 L regular Limone,"0,99€",-20%,"0,79€",https://spesaonline.conad.it/p/energade-05-l-regular-limone--10914325
Fino al 17 novembre,Fage fruyo Caffè 0% Grassi 150 g,Fage fruyo Café 0% Grasa 150 g,"1,49€",-13%,"1,29€",https://spesaonline.conad.it/p/fage-fruyo-caffe-0-grassi-150-g--11370136
Fino al 16 novembre,Fage fruyo Vaniglia 0% Grassi 150 g,Fage fruyo Vainilla 0% Grasa 150 g,"1,49€",-13%,"1,29€",https://spesaonline.conad.it/p/fage-fruyo-vaniglia-0-grassi-150-g--11370167
Fino al 13 novembre,Faxe 10% 500 mL,Faxe 10% 500 mL,"1,75€",-17%,"1,45€",https://spesaonline.conad.it/p/faxe-10-500-ml--10980291
Fino al 13 novembre,Felce Azzurra Classico Bagnodoccia 650 ml,Felce Azzurra Jabón Corporal Clásico 650 ml,"3,29€",-16%,"2,75€",https://spesaonline.conad.it/p/felce-azzurra-classico-bagnodoccia-650-ml--10850772
Fino al 13 novembre,Felce Azzurra Fresco Bagnodoccia 650 ml,Felce Azzurra Fresco Bagnodoccia 650 ml,"3,29€",-16%,"2,75€",https://spesaonline.conad.it/p/felce-azzurra-fresco-bagnodoccia-650-ml--10850756
Fino al 15 novembre,Filetti di Alici di Sicilia all'olio di oliva 156 g Sapori & Dintorni Conad,Filetes de anchoas sicilianas en aceite de oliva 156 g Sapori & Dintorni Conad,"5,89€",-27%,"4,29€",https://spesaonline.conad.it/p/filetti-di-alici-di-sicilia-allolio-di-oliva-156-g-sapori--dintorni-conad--253927
Fino al 23 novembre,Filetti di Aringhe Affumicate 200 g,Filetes de Arenque Ahumado 200 g,"3,19€",-9%,"2,89€",https://spesaonline.conad.it/p/filetti-di-aringhe-affumicate-200-g--10828497
Fino al 13 novembre,Finish Brillasciuga Lemon brillantante lavastoviglie 250 ml,Finish Brillasciuga Lemon brillantante lavastoviglie 250 ml,"4,49€",-16%,"3,79€",https://spesaonline.conad.it/p/finish-brillasciuga-lemon-brillantante-lavastoviglie-250-ml--11290207
Fino al 13 novembre,Finish Classic Lemon pastiglie lavastoviglie 32 lavaggi 512 gr,Pastillas lavavajillas Finish Classic Lemon 32 lavados 512 gr,"5,99€",-8%,"5,49€",https://spesaonline.conad.it/p/finish-classic-lemon-pastiglie-lavastoviglie-32-lavaggi-512-gr--10945726
Fino al 15 novembre,Fior di Fragola Algida 8 x 51 g,Flor de Fresa 8 x 51 g,"3,98€",-15%,"3,39€",https://spesaonline.conad.it/p/fior-di-fragola-algida-8-x-51-g--10883907
Fino al 13 novembre,Fitness Cioccolato Barrette di cereali con frumento integrale e cioccolato 6 pezzi,Fitness Chocolate Barritas de cereales con trigo integral y chocolate 6 piezas,"3,05€",-35%,"1,99€",https://spesaonline.conad.it/p/fitness-cioccolato-barrette-di-cereali-con-frumento-integrale-e-cioccolato-6-pezzi--10737276
Fino al 13 novembre,Florio Grecale Moscato IGP Terre Siciliane 75 cl,Florio Grecale Moscato IGP Terre Siciliane 75 cl,"7,49€",-20%,"5,99€",https://spesaonline.conad.it/p/florio-grecale-moscato-igp-terre-siciliane-75-cl--10817868
Fino al 13 novembre,FRANZISKANER Birra weisse bavarese bottiglia 50cl,FRANZISKANER cerveza bávara weisse botella 50cl,"1,69€",-24%,"1,29€",https://spesaonline.conad.it/p/franziskaner-birra-weisse-bavarese-bottiglia-50cl--10880013
Fino al 13 novembre,Frutta & Frutta Limoni Biologici 340 g Verso Natura Bio Conad,Fruit & Fruit Limones Ecológicos 340 g Verso Natura Bio Conad,"2,99€",-17%,"2,49€",https://spesaonline.conad.it/p/frutta--frutta-limoni-biologici-340-g-verso-natura-bio-conad--401274
Fino al 13 novembre,Galbani Galbanetto Salame Tradizionale 190g,Galbani Galbanetto Salchichón Tradicional 190g,"3,79€",-21%,"2,99€",https://spesaonline.conad.it/p/galbani-galbanetto-salame-tradizionale-190g--10948891
Fino al 13 novembre,Galbani Santa Lucia Burro Classico 250 g,Galbani Santa Lucía Mantequilla Clásica 250 g,"4,39€",-18%,"3,59€",https://spesaonline.conad.it/p/galbani-santa-lucia-burro-classico-250-g--10774778
Fino al 13 novembre,Galbani Santa Lucia Mozzarella 3 x 100 g,Galbani Santa Lucia Mozzarella 3 x 100 g,"3,99€",-33%,"2,69€",https://spesaonline.conad.it/p/galbani-santa-lucia-mozzarella-3-x-100-g--10774786
Fino al 15 novembre,Galbani Strutto 500 g,Manteca de cerdo Galbani 500 g,"2,99€",-13%,"2,59€",https://spesaonline.conad.it/p/galbani-strutto-500-g--10948861
Fino al 13 novembre,Galbusera RisosuRiso Leggeri e croccanti con Riso Soffiato Italiano 10 x 38 g,Galbusera RisosuRiso Ligero y crujiente con Arroz Inflado Italiano 10 x 38 g,"2,99€",-33%,"1,99€",https://spesaonline.conad.it/p/galbusera-risosuriso-leggeri-e-croccanti-con-riso-soffiato-italiano-10-x-38-g--11082494
Fino al 13 novembre,Giglio Oro Olio di Semi di Girasole 1 L,Giglio Oro Aceite De Semilla De Girasol 1 L,"4,49€",-27%,"3,29€",https://spesaonline.conad.it/p/giglio-oro-olio-di-semi-di-girasole-1-l--10787195
Fino al 13 novembre,Giovanni Rana Gnocchi Freschi di Patate 500 g,Giovanni Rana Ñoquis de Patata Fresca 500 g,"2,29€",-24%,"1,75€",https://spesaonline.conad.it/p/giovanni-rana-gnocchi-freschi-di-patate-500-g--10699930
Fino al 13 novembre,Glade sense & spray Ricarica Calm Lavender & Jasmine 18 ml,Glade sense & spray Ricarica Calm Lavanda & Jazmín 18 ml,"3,99€",-15%,"3,39€",https://spesaonline.conad.it/p/glade-sense--spray-ricarica-calm-lavender--jasmine-18-ml--10981914
Fino al 13 novembre,"Glade Sense&Spray Ricarica, Profumatore Ambienti , Fragranze Relaxing Zen, Vaniglia e Mughetto, 18ml","Glade Sense & Refill Spray, fragancia ambiental, fragancias relajantes zen, vainilla y lirio del valle, 18 ml","3,99€",-15%,"3,39€",https://spesaonline.conad.it/p/glade-sensespray-ricarica-profumatore-ambienti--fragranze-relaxing-zen-vaniglia-e-mughetto-18ml--10981879
Fino al 13 novembre,Gold Gatto Mousse con Pollo lattina 85g Purina Gourmet,Mousse Gato Dorado con Pollo lata 85g Purina Gourmet,"1,19€",-34%,"0,79€",https://spesaonline.conad.it/p/gold-gatto-mousse-con-pollo-lattina-85g-purina-gourmet--0819482
Fino al 13 novembre,Gran Cereale Cioccolato Tubo 230g,Chocolate Gran Cereale Tubo 230g,"1,79€",-17%,"1,49€",https://spesaonline.conad.it/p/gran-cereale-cioccolato-tubo-230g--10731684
Fino al 13 novembre,Gran Cereale Classico Tubo 250g,Gran Cereale Classico Tubo 250g,"1,79€",-17%,"1,49€",https://spesaonline.conad.it/p/gran-cereale-classico-tubo-250g--10699353
Fino al 13 novembre,Gran Cereale Croccante con Riso Tubo 230g,Crunchy Gran Cereal con Arroz tubo 230g,"1,79€",-17%,"1,49€",https://spesaonline.conad.it/p/gran-cereale-croccante-con-riso-tubo-230g--10729524
Fino al 13 novembre,Gran Cereale Digestive Biscotti con Malto d'Orzo Tubo 250g,Gran Cereale Digestive Biscotti con Malto d'Orzo Tubo 250g,"1,79€",-17%,"1,49€",https://spesaonline.conad.it/p/gran-cereale-digestive-biscotti-con-malto-dorzo-tubo-250g--10731546
Fino al 13 novembre,Gran Cereale Frutta Tubo 250g,Gran Cereale Fruta Tubo 250g,"1,79€",-17%,"1,49€",https://spesaonline.conad.it/p/gran-cereale-frutta-tubo-250g--10731576
Fino al 14 novembre,Granarolo Latte Più Giorni Parzialmente Scremato 1 L,Granarolo Latte Más Días Parcialmente Desnatado 1 L,"1,99€",-20%,"1,59€",https://spesaonline.conad.it/p/granarolo-latte-piu-giorni-parzialmente-scremato-1-l--11436521
Fino al 13 novembre,Granarolo Parzialmente Scremato UHT a Lunga Conservazione 1 litro,Granarolo Parcialmente Desnatado UHT Larga Duración 1 litro,"1,29€",-23%,"0,99€",https://spesaonline.conad.it/p/granarolo-parzialmente-scremato-uht-a-lunga-conservazione-1-litro--11307095
Fino al 13 novembre,Granarolo Parzialmente Scremato UHT a Lunga Conservazione 4 x 1 litro,Granarolo Semidesnatado UHT larga duración 4 x 1 litro,"4,36€",-9%,"3,96€",https://spesaonline.conad.it/p/granarolo-parzialmente-scremato-uht-a-lunga-conservazione-4-x-1-litro--11316051
Fino al 13 novembre,Haribo Anguria 175 g,Haribo Sandía 175 g,"1,49€",-7%,"1,39€",https://spesaonline.conad.it/p/haribo-anguria-175-g--11097806
Fino al 13 novembre,Haribo Banane 175 g,hacer haribo 175c,"1,49€",-7%,"1,39€",https://spesaonline.conad.it/p/haribo-banane-175-g--11097743
Fino al 13 novembre,Haribo Chamallows mix 175g,Mezcla Haribo Chamallows 175g,"1,49€",-7%,"1,39€",https://spesaonline.conad.it/p/haribo-chamallows-mix-175g--11097775
Fino al 13 novembre,Haribo Ciucciotti Fr!zzi 175 g,Haribo Ciucciotti Fr!zzi 175 g,"1,49€",-7%,"1,39€",https://spesaonline.conad.it/p/haribo-ciucciotti-frzzi-175-g--11097808
Fino al 13 novembre,Haribo Coccodrì 175 g,Cocodrilo Haribo 175 g,"1,49€",-7%,"1,39€",https://spesaonline.conad.it/p/haribo-coccodri-175-g--11097814
Fino al 13 novembre,Haribo Happy Cola 175 g,Haribo Happy Cola 175 g,"1,49€",-7%,"1,39€",https://spesaonline.conad.it/p/haribo-happy-cola-175-g--11097807
Fino al 13 novembre,Haribo Happy-Cola Fr!zzi 175 g,Haribo Happy-Cola Fr!zzi 175 g,"1,49€",-7%,"1,39€",https://spesaonline.conad.it/p/haribo-happy-cola-frzzi-175-g--11097728
Fino al 13 novembre,Haribo Orsetti d'Oro 175 g,Polvo Orsetti Dorado 175 g,"1,49€",-7%,"1,39€",https://spesaonline.conad.it/p/haribo-orsetti-doro-175-g--11097723
Fino al 13 novembre,Haribo Polka 175 g,Haribo Polka 175 g,"1,49€",-7%,"1,39€",https://spesaonline.conad.it/p/haribo-polka-175-g--11097725
Fino al 13 novembre,Haribo Rotella 175 g,Haribo Rotella 175 g,"1,49€",-7%,"1,39€",https://spesaonline.conad.it/p/haribo-rotella-175-g--11097753
Fino al 13 novembre,Haribo Starmix 175 g,Haribo Starmix 175 g,"1,49€",-7%,"1,39€",https://spesaonline.conad.it/p/haribo-starmix-175-g--11097730
Fino al 15 novembre,I Cremosi Bianco Naturale Yogurt intero 500 g Conad,I Cremosi Yogur Integral Blanco Natural 500 g Conad,"1,89€",-26%,"1,39€",https://spesaonline.conad.it/p/i-cremosi-bianco-naturale-yogurt-intero-500-g-conad--352437
Fino al 13 novembre,Infasil Neutro Extra Delicato Stick 50 ml,Infasil Neutro Extra Delicado Stick 50 ml,"2,99€",-13%,"2,59€",https://spesaonline.conad.it/p/infasil-neutro-extra-delicato-stick-50-ml--10909135
Fino al 13 novembre,Jack Daniel's Old No.7 Tennessee Whiskey 70 cl,Whisky Jack Daniel's Old No.7 Tennessee 70 cl,"24,99€",-20%,"19,90€",https://spesaonline.conad.it/p/jack-daniels-old-no7-tennessee-whiskey-70-cl--11107248
Fino al 13 novembre,Jack Daniel's Tennessee Honey 70 cl,Jack Daniel´s Tennessee Honey 70 cl,"22,50€",-16%,"18,90€",https://spesaonline.conad.it/p/jack-daniels-tennessee-honey-70-cl--11179826
Fino al 15 novembre,Jose Cuervo Especial Silver Tequila 70 cl,Jose Cuervo Especial Silver Tequila 70 cl,"17,99€",-19%,"14,49€",https://spesaonline.conad.it/p/jose-cuervo-especial-silver-tequila-70-cl--10774038
Fino al 13 novembre,"Kellogg's Special K Cioccolato Fondente 6 x 21,5 g","Kellogg's Special K Chocolate negro 6 x 21,5 g","3,29€",-18%,"2,69€",https://spesaonline.conad.it/p/kelloggs-special-k-cioccolato-fondente-6-x-215-g--10561771
Fino al 13 novembre,Kellogg's Special K Classic 500 g,Kellogg's Special K Classic 500 g,"3,99€",-13%,"3,49€",https://spesaonline.conad.it/p/kelloggs-special-k-classic-500-g--10561712
Fino al 13 novembre,Knorr Brodo Granulare Classico 150 g,Knorr Classic Caldo Granulado 150 g,"2,29€",-13%,"1,99€",https://spesaonline.conad.it/p/knorr-brodo-granulare-classico-150-g--10883775
Fino al 13 novembre,Knorr Brodo Granulare Pesce 150 g,Knorr Caldo de Pescado Granulado 150 g,"2,29€",-13%,"1,99€",https://spesaonline.conad.it/p/knorr-brodo-granulare-pesce-150-g--10883754
Fino al 13 novembre,Knorr Brodo Granulare Vegetale 150 g,Knorr Caldo de Verduras Granulado 150 g,"2,29€",-13%,"1,99€",https://spesaonline.conad.it/p/knorr-brodo-granulare-vegetale-150-g--10883831
Fino al 13 novembre,Knorr il Minestrone 500 ml,Knorr il minestrone 500ml,"2,29€",-17%,"1,89€",https://spesaonline.conad.it/p/knorr-il-minestrone-500-ml--10884246
Fino al 30 novembre,"L'Angelica Le Tisane superfood Cacao Arancia & Cannella Buonumore 18 Filtri 39,6 g","L'Angelica Hierbas superalimento Cacao Naranja y Canela Buen humor 18 Filtros 39,6 g","2,99€",-23%,"2,29€",https://spesaonline.conad.it/p/langelica-le-tisane-superfood-cacao-arancia--cannella-buonumore-18-filtri-396-g--11243137
Fino al 30 novembre,L'Angelica Le Tisane superfood Zenzero Limone 20 Filtri 34 g,L'Angelica Hierbas superalimento Jengibre Limón 20 Filtros 34 g,"2,99€",-23%,"2,29€",https://spesaonline.conad.it/p/langelica-le-tisane-superfood-zenzero-limone-20-filtri-34-g--10868021
Fino al 30 novembre,L'Angelica Nutraceutica le Tisane Dopo Pasto 20 Filtri 40 g,L'Angelica Nutraceutica Infusiones Después de las Comidas 20 Filtros 40 g,"2,99€",-23%,"2,29€",https://spesaonline.conad.it/p/langelica-nutraceutica-le-tisane-dopo-pasto-20-filtri-40-g--10867994
Fino al 13 novembre,"Lavazza, Crema e Gusto Forte Caffè Macinato - 2 x 250 g","Café molido Lavazza, Crema y Gusto Forte - 2 x 250 g","4,99€",-30%,"3,49€",https://spesaonline.conad.it/p/lavazza-crema-e-gusto-forte-caffe-macinato---2-x-250-g--11084472
Fino al 20 novembre,"Lavazza, Suerte Caffè Macinato - 4 x 250 g","Lavazza, Suerte Café Molido - 4 x 250 g","7,69€",-9%,"6,99€",https://spesaonline.conad.it/p/lavazza-suerte-caffe-macinato---4-x-250-g--11084444
Fino al 13 novembre,Lindt Cioccolatini Lindor Cioccolatini assortiti Scatola 200 g,Lindt Bombones Lindor bombones surtidos Caja 200 g,"5,99€",-17%,"4,99€",https://spesaonline.conad.it/p/lindt-cioccolatini-lindor-cioccolatini-assortiti-scatola-200-g--10946248
Fino al 13 novembre,Lindt Cioccolatini Lindor Cioccolato al latte Scatola 200 g,Lindt Chocolates Lindor chocolate con leche Caja 200 g,"5,99€",-17%,"4,99€",https://spesaonline.conad.it/p/lindt-cioccolatini-lindor-cioccolato-al-latte-scatola-200-g--10946241
Fino al 13 novembre,Lindt Lindor Latte 100 g,Lindt Lindor Latte 100 g,"2,39€",-17%,"1,99€",https://spesaonline.conad.it/p/lindt-lindor-latte-100-g--10946231
Fino al 13 novembre,Lindt Lindor Pistacchio 100 g,Lindt Lindor Pistacho 100 g,"2,39€",-17%,"1,99€",https://spesaonline.conad.it/p/lindt-lindor-pistacchio-100-g--10946227
Fino al 13 novembre,Lindt Lindor Tavoletta Cioccolato extra fondente 70% 100 g,Lindt Lindor Barrita Chocolate Extra Negro 70% 100 g,"2,39€",-17%,"1,99€",https://spesaonline.conad.it/p/lindt-lindor-tavoletta-cioccolato-extra-fondente-70-100-g--10946228
Fino al 15 novembre,Lines Lady Anatomico 10 pz,Líneas Lady Anatomico 10 pz,"0,99€",-34%,"0,65€",https://spesaonline.conad.it/p/lines-lady-anatomico-10-pz--11408704
Fino al 15 novembre,Lines Lady Anatomico x9,Líneas Lady Anatomico x9,"0,99€",-34%,"0,65€",https://spesaonline.conad.it/p/lines-lady-anatomico-x9--10936491
Fino al 13 novembre,Lines Seta ultra con ali x28,Lines Seta ultra con ali x28,"4,99€",-24%,"3,79€",https://spesaonline.conad.it/p/lines-seta-ultra-con-ali-x28--10936680
Fino al 13 novembre,Lines Seta ultra lungo con ali x22,Líneas Seta ultra larga con alas x22,"4,99€",-24%,"3,79€",https://spesaonline.conad.it/p/lines-seta-ultra-lungo-con-ali-x22--10936691
Fino al 13 novembre,Lines Seta ultra notte con ali x20,Líneas Seta ultra noche con alas x20,"4,99€",-24%,"3,79€",https://spesaonline.conad.it/p/lines-seta-ultra-notte-con-ali-x20--10936699
Fino al 13 novembre,Lysoform Protezione Completa Disinfettante Classico 2 x 1250 ml,Lysoform Complete Protection Classic Desinfectante 2 x 1250 ml,"5,29€",-34%,"3,49€",https://spesaonline.conad.it/p/lysoform-protezione-completa-disinfettante-classico-2-x-1250-ml--11205322
Fino al 20 novembre,Magnum Bomboniera 12 gelati 104 g,Magnum Favor 12 helados 104 g,"3,95€",-24%,"2,99€",https://spesaonline.conad.it/p/magnum-bomboniera-12-gelati-104-g--10884477
Fino al 20 novembre,Magnum Classic 4 x 79 g,Magnum Clásico 4 x 79 g,"4,99€",-17%,"4,15€",https://spesaonline.conad.it/p/magnum-classic-4-x-79-g--10948820
Fino al 20 novembre,Mandorle Tostate e Salate 150 g Conad,Almendras Tostadas y Saladas 150 g Conad,"3,59€",-17%,"2,99€",https://spesaonline.conad.it/p/mandorle-tostate-e-salate-150-g-conad--400776
Fino al 20 novembre,Mandorle Tostate e Salate 150 g Conad,Almendras Tostadas y Saladas 150 g Conad,"3,59€",-17%,"2,99€",https://spesaonline.conad.it/p/mandorle-tostate-e-salate-150-g-conad--400776
Fino al 15 novembre,Mastro Lindo Detersivo Pavimenti Multiuso Bagno 950 ml,Mastro Lindo Detergente Suelo Baño Multiusos 950 ml,"1,59€",-25%,"1,19€",https://spesaonline.conad.it/p/mastro-lindo-detersivo-pavimenti-multiuso-bagno-950-ml--11093106
Fino al 15 novembre,Mastro Lindo Detersivo Pavimenti Multiuso Igienizzante con Candeggina 950 ml,Mastro Lindo Detergente Higienizante Multiusos Suelos con Lejía 950 ml,"1,59€",-25%,"1,19€",https://spesaonline.conad.it/p/mastro-lindo-detersivo-pavimenti-multiuso-igienizzante-con-candeggina-950-ml--11093662
Fino al 15 novembre,Mastro Lindo Detersivo Pavimenti Multiuso Superfici Delicate 950 ml,Mastro Lindo Detergente Suelos Multiusos Superficies Delicadas 950 ml,"1,69€",-30%,"1,19€",https://spesaonline.conad.it/p/mastro-lindo-detersivo-pavimenti-multiuso-superfici-delicate-950-ml--11092998
Fino al 20 novembre,Maxibon Classic 4 biscotti,Maxibon Classic 4 galletas,"4,49€",-22%,"3,49€",https://spesaonline.conad.it/p/maxibon-classic-4-biscotti--11193318
Fino al 14 novembre,Melanzane Tonde Italia Cat. I,Berenjenas Redondas Italia Cat. I,"0,23€",-35%,"0,15€",https://spesaonline.conad.it/p/melanzane-tonde-italia-cat-i--10606938
Fino al 13 novembre,Mentadent Protezione Famiglia Freschezza Quotidiana 75 ml,Mentadent Frescura Diaria Protección Familiar 75 ml,"1,49€",-34%,"0,99€",https://spesaonline.conad.it/p/mentadent-protezione-famiglia-freschezza-quotidiana-75-ml--10884001
Fino al 13 novembre,Mentadent Tecnic Clean hard,Mentadente Tecnic Clean hard,"1,89€",-32%,"1,29€",https://spesaonline.conad.it/p/mentadent-tecnic-clean-hard--10884267
Fino al 13 novembre,Mentadent Tecnic Clean Medium,Mentadente Tecnic Clean Medium,"1,89€",-32%,"1,29€",https://spesaonline.conad.it/p/mentadent-tecnic-clean-medium--11205597
Fino al 20 novembre,Mix Yogurt Bianco Più Anelli al Cioccolato 150g Müller,Mezcla de yogur blanco con aros de chocolate 150 g Müller,"1,39€",-29%,"0,99€",https://spesaonline.conad.it/p/mix-yogurt-bianco-piu-anelli-al-cioccolato-150g-muller--10757509
Fino al 13 novembre,Mon Chéri 30 pezzi 315 g,Mon Chéri 30 piezas 315 g,"7,49€",-20%,"5,99€",https://spesaonline.conad.it/p/mon-cheri-30-pezzi-315-g--10568961
Fino al 20 novembre,Monster Energy Absolutely Zero 500 ml,Monster Energy Absolutamente Cero 500 ml,"1,79€",-22%,"1,39€",https://spesaonline.conad.it/p/monster-energy-absolutely-zero-500-ml--11131658
Fino al 20 novembre,Monster Energy Pacific Punch 500ml,Monster Energy Pacific Ponche 500ml,"1,79€",-22%,"1,39€",https://spesaonline.conad.it/p/monster-energy-pacific-punch-500ml--11435387
Fino al 20 novembre,Monster Energy Pipeline Punch 500ml CAN,Monster Energy Pipeline Punch LATA 500ml,"1,79€",-22%,"1,39€",https://spesaonline.conad.it/p/monster-energy-pipeline-punch-500ml-can--11189408
Fino al 20 novembre,Monster Energy the doctor 500 ml,Monster Energy el médico 500ml,"1,79€",-22%,"1,39€",https://spesaonline.conad.it/p/monster-energy-the-doctor-500-ml--11131662
Fino al 20 novembre,Monster Energy Ultra Paradise 500ml CAN,Monster Energy Ultra Paradise LATA 500ml,"1,79€",-22%,"1,39€",https://spesaonline.conad.it/p/monster-energy-ultra-paradise-500ml-can--11189410
Fino al 20 novembre,"Monster green da 0,5 l","Monstruo verde da 0,5 l","1,79€",-22%,"1,39€",https://spesaonline.conad.it/p/monster-green-da-05-l--11131659
Fino al 20 novembre,Monster Mango Loco lattina da 500ml,Monster Mango Loco lattina da 500ml,"1,79€",-22%,"1,39€",https://spesaonline.conad.it/p/monster-mango-loco-lattina-da-500ml--11131655
Fino al 20 novembre,"Monster Ultra Red da 0,5 l","Monster Ultra Red de 0,5 l","1,79€",-22%,"1,39€",https://spesaonline.conad.it/p/monster-ultra-red-da-05-l--11131654
Fino al 20 novembre,Monster Ultra White lattina da 500ml,Monster Ultra White latina da 500ml,"1,79€",-22%,"1,39€",https://spesaonline.conad.it/p/monster-ultra-white-lattina-da-500ml--11131660
Fino al 13 novembre,Motta Buondì Classico 6 pz,Motta Buondì Classico 6 piezas,"2,19€",-32%,"1,49€",https://spesaonline.conad.it/p/motta-buondi-classico-6-pz--10830592
Fino al 13 novembre,Mulino Bianco Campagnole con Farina di Riso 700g,Mulino Bianco Campagnole con Harina de Arroz 700g,"3,29€",-24%,"2,49€",https://spesaonline.conad.it/p/mulino-bianco-campagnole-con-farina-di-riso-700g--10729651
Fino al 13 novembre,Mulino Bianco Crostatine Albicocca 400g,Mulino Bianco Tartas De Albaricoque 400g,"3,29€",-12%,"2,89€",https://spesaonline.conad.it/p/mulino-bianco-crostatine-albicocca-400g--10731598
Fino al 13 novembre,Mulino Bianco Fette Biscottate Dorate 630g,Mulino Bianco Bizcochos Dorados 630g,"2,25€",-12%,"1,99€",https://spesaonline.conad.it/p/mulino-bianco-fette-biscottate-dorate-630g--10729567
Fino al 13 novembre,Mulino Bianco Fette Biscottate Integrali Ricche di Fibre 630g,Mulino Bianco Bizcochos Integrales Ricos en Fibras 630g,"2,25€",-12%,"1,99€",https://spesaonline.conad.it/p/mulino-bianco-fette-biscottate-integrali-ricche-di-fibre-630g--10729606
Fino al 13 novembre,Mulino Bianco Galletti Biscotti con Latte Fresco 100% Italiano 800g,Mulino Bianco Galletti Galletas con Leche Fresca 100% Italiana 800g,"3,29€",-24%,"2,49€",https://spesaonline.conad.it/p/mulino-bianco-galletti-biscotti-con-latte-fresco-100-italiano-800g--10729667
Fino al 13 novembre,Mulino Bianco Girotondi Biscotti con Granelli di Zucchero di Canna 800g,Galletas Mulino Bianco Girotondi Con Granos De Azúcar Moreno 800g,"3,29€",-24%,"2,49€",https://spesaonline.conad.it/p/mulino-bianco-girotondi-biscotti-con-granelli-di-zucchero-di-canna-800g--10731673
Fino al 13 novembre,Mulino Bianco Macine Biscotti con Panna Fresca 800g,Mulino Bianco Macine Galletas con Nata Fresca 800g,"3,29€",-24%,"2,49€",https://spesaonline.conad.it/p/mulino-bianco-macine-biscotti-con-panna-fresca-800g--10729552
Fino al 13 novembre,Mulino Bianco Molinetti con Farina Integrale di Grano Saraceno Offerta 800g,Mulino Bianco Molinetti con Harina Integral de Trigo Sarraceno Oferta 800g,"3,29€",-24%,"2,49€",https://spesaonline.conad.it/p/mulino-bianco-molinetti-con-farina-integrale-di-grano-saraceno-offerta-800g--10699335
Fino al 13 novembre,Mulino Bianco Pan Goccioli 336 g,Mulino Bianco Pan Goccioli 336 g,"2,99€",-20%,"2,39€",https://spesaonline.conad.it/p/mulino-bianco-pan-goccioli-336-g--10699333
Fino al 14 novembre,Mulino Bianco Piadelle Classiche Ideale per Piadina 4pz 300g,Mulino Bianco Piadelle Classiche Ideale para Piadina 4pz 300g,"1,99€",-15%,"1,69€",https://spesaonline.conad.it/p/mulino-bianco-piadelle-classiche-ideale-per-piadina-4pz-300g--10699434
Fino al 13 novembre,Mulino Bianco Primizie con Farina Integrale Macinata a Pietra 700 g,Mulino Bianco Primizie con Harina Integral Molida a la Piedra 700 g,"3,29€",-24%,"2,49€",https://spesaonline.conad.it/p/mulino-bianco-primizie-con-farina-integrale-macinata-a-pietra-700-g--10699401
Fino al 20 novembre,Mulino Bianco Rigoli Biscotti con Miele Millefiori Italiano 400g,Galletas Mulino Bianco Rigoli con Miel Italiana Millefiori 400g,"2,49€",-14%,"2,15€",https://spesaonline.conad.it/p/mulino-bianco-rigoli-biscotti-con-miele-millefiori-italiano-400g--10729569
Fino al 13 novembre,Mulino Bianco Rigoli con Miele millefiori italiano 800g,Mulino Bianco Rigoli con miel italiana millefiori 800g,"3,29€",-24%,"2,49€",https://spesaonline.conad.it/p/mulino-bianco-rigoli-con-miele-millefiori-italiano-800g--10731606
Fino al 13 novembre,Mulino Bianco Spicchi di Sole Biscotti Dorati al Forno 900g,Mulino Bianco Spicchi di Sole Galletas Doradas al Horno 900g,"3,29€",-24%,"2,49€",https://spesaonline.conad.it/p/mulino-bianco-spicchi-di-sole-biscotti-dorati-al-forno-900g--10729540
Fino al 22 novembre,Mulino Bianco Tegolino 350 g,Mulino Blanco Tegolino 350 g,"3,69€",-5%,"3,49€",https://spesaonline.conad.it/p/mulino-bianco-tegolino-350-g--10699415
Fino al 13 novembre,Mulino Bianco Trancino 792g,Mulino Bianco Trancino 792g,"3,99€",-25%,"2,99€",https://spesaonline.conad.it/p/mulino-bianco-trancino-792g--10699352
Fino al 21 novembre,Müller Mix Bora Bora Yogurt al Cocco + Palline al Lime 150 g,Müller Mix Bora Bora Yogurt al Cocco + Palline al Lime 150 g,"1,39€",-29%,"0,99€",https://spesaonline.conad.it/p/muller-mix-bora-bora-yogurt-al-cocco--palline-al-lime-150-g--10757482
Fino al 17 novembre,Müller Mix Yogurt Gusto Vaniglia Più Mandorle 150 g,Müller Mix Yogur Sabor Vainilla Más Almendras 150 g,"1,39€",-29%,"0,99€",https://spesaonline.conad.it/p/muller-mix-yogurt-gusto-vaniglia-piu-mandorle-150-g--10757488
Fino al 15 novembre,Müller Yogurt Cremoso Pistacchio 2 x 125 g,Müller Yogur Cremoso Pistacho 2 x 125 g,"1,39€",-29%,"0,99€",https://spesaonline.conad.it/p/muller-yogurt-cremoso-pistacchio-2-x-125-g--10757549
Fino al 13 novembre,Mutti Salsa Pronta Ciliegini 300 g,Mutti Salsa Pronta Ciliegini 300 g,"1,79€",-17%,"1,49€",https://spesaonline.conad.it/p/mutti-salsa-pronta-ciliegini-300-g--10807340
Fino al 13 novembre,Mutti Salsa Pronta Datterini 300 g,Mutti Ready Salsa Datterini 300 g,"1,79€",-17%,"1,49€",https://spesaonline.conad.it/p/mutti-salsa-pronta-datterini-300-g--10807316
Fino al 13 novembre,Nescafé Classic Caffè solubile barattolo 100g,"Nescafé Classic Café Instantáneo, tarro de 100g","5,49€",-27%,"3,99€",https://spesaonline.conad.it/p/nescafe-classic-caffe-solubile-barattolo-100g--10737126
Fino al 13 novembre,Nescafé per Latte Caffè solubile barattolo 100g,"Nescafé for Latte Café instantáneo, tarro de 100g","4,99€",-20%,"3,99€",https://spesaonline.conad.it/p/nescafe-per-latte-caffe-solubile-barattolo-100g--10737123
Fino al 13 novembre,Nesquik Cacao Solubile per Latte barattolo 500g,Nesquik Cacao Soluble para Leche tarro 500g,"4,49€",-22%,"3,49€",https://spesaonline.conad.it/p/nesquik-cacao-solubile-per-latte-barattolo-500g--10737306
Fino al 13 novembre,NESQUIK CHOCO WAVES Barchette con cereali integrali e cacao 375g,NESQUIK CHOCO WAVES Barchette con cereales integrales y cacao 375g,"3,29€",-30%,"2,29€",https://spesaonline.conad.it/p/nesquik-choco-waves-barchette-con-cereali-integrali-e-cacao-375g--11140212
Fino al 13 novembre,"Nesquik Duo Palline con cereali integrali, cacao e Cioccolato bianco 325g","Nesquik Duo Balls con cereales integrales, cacao y chocolate blanco 325g","3,29€",-30%,"2,29€",https://spesaonline.conad.it/p/nesquik-duo-palline-con-cereali-integrali-cacao-e-cioccolato-bianco-325g--10737251
Fino al 13 novembre,NESQUIK Palline con cereali integrali e cacao 375g,NESQUIK Bolitas con cereales integrales y cacao 375g,"3,19€",-28%,"2,29€",https://spesaonline.conad.it/p/nesquik-palline-con-cereali-integrali-e-cacao-375g--10737406
Fino al 13 novembre,Nestlé Galak Tavoletta di cioccolato bianco 100g,Barra de chocolate blanco Nestlé Galak 100g,"1,89€",-16%,"1,59€",https://spesaonline.conad.it/p/nestle-galak-tavoletta-di-cioccolato-bianco-100g--10737470
Fino al 13 novembre,NESTLÉ MIO Formaggino Gusto Classico (6 formaggini) 125g,NESTLÉ MIO Queso Sabor Clásico (6 quesos) 125g,"1,89€",-16%,"1,59€",https://spesaonline.conad.it/p/nestle-mio-formaggino-gusto-classico-6-formaggini-125g--11446856
Fino al 15 novembre,NESTLÉ VERA SANTA ROSALIA Acqua Minerale Naturale 2l x 6,NESTLÉ VERA SANTA ROSALIA Agua Mineral Natural 2l x 6,"2,04€",-22%,"1,59€",https://spesaonline.conad.it/p/nestle-vera-santa-rosalia-acqua-minerale-naturale-2l-x-6--11225296
Fino al 15 novembre,Nipiol Biscottini 6 Cereali 360 g,Nipiol Galletas 6 Cereales 360 g,"2,99€",-33%,"1,99€",https://spesaonline.conad.it/p/nipiol-biscottini-6-cereali-360-g--10852966
Fino al 15 novembre,Nipiol Manzo Omogeneizzato con manzo e cereale* 2 x 120 g,Nipiol Ternera Homogeneizada con ternera y cereales * 2 x 120 g,"2,79€",-29%,"1,99€",https://spesaonline.conad.it/p/nipiol-manzo-omogeneizzato-con-manzo-e-cereale-2-x-120-g--10845686
Fino al 15 novembre,Nipiol Vitello Omogeneizzato 2 x 120 g,Nipiol Homogeneizado Ternera 2 x 120 g,"2,79€",-29%,"1,99€",https://spesaonline.conad.it/p/nipiol-vitello-omogeneizzato-2-x-120-g--10845684
Fino al 13 novembre,Nonno Nanni stracchino 125 g,Stracchino Nonno Nanni 125 g,"2,29€",-13%,"1,99€",https://spesaonline.conad.it/p/nonno-nanni-stracchino-125-g--10634638
Fino al 13 novembre,Nutella Biscuits 304 g,Galletas Nutella 304 g,"2,99€",-17%,"2,49€",https://spesaonline.conad.it/p/nutella-biscuits-304-g--10931083
Fino al 13 novembre,"Oust 3 in 1 Spray Disinfettante 400 ml, Uccide il 99,9% dei Batteri ed Elimina gli Odori","Desinfectante en Spray 3 en 1 Oust 400 ml, Mata el 99,9% de las Bacterias y Elimina los Olores","5,59€",-38%,"3,49€",https://spesaonline.conad.it/p/oust-3-in-1-spray-disinfettante-400-ml-uccide-il-999-dei-batteri-ed-elimina-gli-odori--10981962
Fino al 13 novembre,Pantene Pro-V Lacca Corpo & Volume 250 ml - Livello di Tenuta 5,Pantene Pro-V Body Lacquer & Volume 250 ml - Fijación Nivel 5,"3,99€",-25%,"2,99€",https://spesaonline.conad.it/p/pantene-pro-v-lacca-corpo--volume-250-ml---livello-di-tenuta-5--10934414
Fino al 13 novembre,Pantene Pro-V Lacca Linea Classica Extra Forte 250 ml - Livello di Tenuta 4,Pantene Pro-V Laca Línea Clásica Extra Fuerte 250 ml - Fijación Nivel 4,"3,99€",-25%,"2,99€",https://spesaonline.conad.it/p/pantene-pro-v-lacca-linea-classica-extra-forte-250-ml---livello-di-tenuta-4--10934392
Fino al 13 novembre,Pantene Pro-V Spuma Corpo & Volume 200 ml - Livello di Tenuta 3,Pantene Pro-V Body & Volume Espuma 200 ml - Fijación Nivel 3,"3,99€",-25%,"2,99€",https://spesaonline.conad.it/p/pantene-pro-v-spuma-corpo--volume-200-ml---livello-di-tenuta-3--10934436
Fino al 13 novembre,Pantene Pro-V Spuma Corpo & Volume 200 ml - Livello di Tenuta 3,Pantene Pro-V Body & Volume Espuma 200 ml - Fijación Nivel 3,"3,99€",-25%,"2,99€",https://spesaonline.conad.it/p/pantene-pro-v-spuma-corpo--volume-200-ml---livello-di-tenuta-3--10934436
Fino al 13 novembre,Pantene Pro-V Spuma Ricci Perfetti 200 ml - Livello di Tenuta 5,Pantene Pro-V Espuma Rizos Perfectos 200 ml - Fijación Nivel 5,"3,99€",-25%,"2,99€",https://spesaonline.conad.it/p/pantene-pro-v-spuma-ricci-perfetti-200-ml---livello-di-tenuta-5--10934431
Fino al 15 novembre,Parmalat Calcium Plus 1000 ml,Parmalat Calcio Plus 1000 ml,"1,89€",-32%,"1,29€",https://spesaonline.conad.it/p/parmalat-calcium-plus-1000-ml--10566741
Fino al 15 novembre,Parmalat Omega 3 Plus 1000 ml,Parmalat Omega 3 Plus 1000 ml,"1,89€",-32%,"1,29€",https://spesaonline.conad.it/p/parmalat-omega-3-plus-1000-ml--10770491
Fino al 15 novembre,Parmareggio Parmigiano Reggiano DOP Grattugiato Fresco 60 g,Parmareggio Parmigiano Reggiano DOP Fresco Rallado 60 g,"2,09€",-38%,"1,29€",https://spesaonline.conad.it/p/parmareggio-parmigiano-reggiano-dop-grattugiato-fresco-60-g--11380289
Fino al 15 novembre,Pasta del Capitano Antitartaro 100 ML,Pasta del Capitano Antitartaro 100 ML,"1,29€",-19%,"1,05€",https://spesaonline.conad.it/p/pasta-del-capitano-antitartaro-100-ml--10954344
Fino al 15 novembre,Pasta del Capitano Placca e Carie 100 ML,Pasta del Capitano Placa y Caries 100 ML,"1,29€",-19%,"1,05€",https://spesaonline.conad.it/p/pasta-del-capitano-placca-e-carie-100-ml--10954300
Fino al 20 novembre,Peroni Nastro Azzurro Italiana 3 x 33 cl,Peroni Cinta Azul Italiana 3 x 33 cl,"2,85€",-23%,"2,19€",https://spesaonline.conad.it/p/peroni-nastro-azzurro-italiana-3-x-33-cl--10885280
Fino al 13 novembre,PERUGINA Fondente Extra 70% Tavoletta di cioccolato fondente extra 70% 80g,PERUGINA Extra Dark 70% Barra de chocolate extra oscuro 70% 80g,"1,19€",-25%,"0,89€",https://spesaonline.conad.it/p/perugina-fondente-extra-70-tavoletta-di-cioccolato-fondente-extra-70-80g--10737412
Fino al 13 novembre,PERUGINA Fondente Extra Tavoletta di cioccolato fondente extra 80g,PERUGINA Extra Dark Chocolate Barra de chocolate extra oscuro 80g,"1,19€",-25%,"0,89€",https://spesaonline.conad.it/p/perugina-fondente-extra-tavoletta-di-cioccolato-fondente-extra-80g--10737380
Fino al 13 novembre,PERUGINA GranBlocco Cioccolato Fondente Extra 70% 150g,PERUGINA GranBlocco Chocolate Extra Negro 70% 150g,"1,99€",-15%,"1,69€",https://spesaonline.conad.it/p/perugina-granblocco-cioccolato-fondente-extra-70-150g--11140189
Fino al 13 novembre,PERUGINA Latte Cremoso Tavoletta di cioccolato al latte cremoso 80g,PERUGINA Creamy milk Tableta de cremoso chocolate con leche 80g,"1,19€",-25%,"0,89€",https://spesaonline.conad.it/p/perugina-latte-cremoso-tavoletta-di-cioccolato-al-latte-cremoso-80g--10737108
Fino al 13 novembre,PERUGINA Nero Fondente Extra 70% Tavoletta Cioccolato Fondente 85g,PERUGINA Extra Dark Black 70% Chocolate Negro Tableta 85g,"1,99€",-25%,"1,49€",https://spesaonline.conad.it/p/perugina-nero-fondente-extra-70-tavoletta-cioccolato-fondente-85g--11140148
Fino al 13 novembre,Perugina Nero Fondente Extra 85% Tavoletta di Cioccolato fondente extra con 85% di cacao 85g,Perugina Extra Dark Chocolate Negro 85% barra de chocolate extra oscuro con 85% cacao 85g,"1,99€",-25%,"1,49€",https://spesaonline.conad.it/p/perugina-nero-fondente-extra-85-tavoletta-di-cioccolato-fondente-extra-con-85-di-cacao-85g--11140178
Fino al 13 novembre,PERUGINA Nero Fondente Extra 95% Tavoletta Cioccolato Fondente 85g,PERUGINA Dark Black Extra 95% Chocolate Negro Tableta 85g,"1,99€",-25%,"1,49€",https://spesaonline.conad.it/p/perugina-nero-fondente-extra-95-tavoletta-cioccolato-fondente-85g--11140153
Fino al 13 novembre,Philadelphia BenEssere Senza Lattosio formaggio fresco spalmabile - 175 g,Philadelphia BenEssere Queso Crema Fresco Sin Lactosa - 175 g,"2,59€",-13%,"2,25€",https://spesaonline.conad.it/p/philadelphia-benessere-senza-lattosio-formaggio-fresco-spalmabile---175-g--10764323
Fino al 15 novembre,Philadelphia Original formaggio fresco spalmabile - 150g,Queso fresco para untar Philadelphia Original - 150g,"2,29€",-28%,"1,65€",https://spesaonline.conad.it/p/philadelphia-original-formaggio-fresco-spalmabile---150g--10764430
Fino al 13 novembre,PURINA FRISKIES Gatto Adult Con un gustoso mix di Manzo e Pollo e con Verdure 2Kg,PURINA FRISKIES Gato Adulto Con una sabrosa mezcla de Ternera y Pollo y 2Kg de Verduras,"6,89€",-28%,"4,99€",https://spesaonline.conad.it/p/purina-friskies-gatto-adult-con-un-gustoso-mix-di-manzo-e-pollo-e-con-verdure-2kg--0819660
Fino al 13 novembre,Purina Gourmet Gold Gatto Mousse con Pesce dell'oceano lattina 85g,Purina Gourmet Gold Cat Mousse con Pescado del Mar lata 85g,"1,19€",-34%,"0,79€",https://spesaonline.conad.it/p/purina-gourmet-gold-gatto-mousse-con-pesce-delloceano-lattina-85g--0819481
Fino al 15 novembre,PURINA ONE BIFENSIS Gatto Crocchette STERILCAT Ricco in Manzo e Frumento Sacco 800g,PURINA ONE BIFENSIS Croquetas de Gato STERILCAT Ricas en Ternera y Trigo Bolsa 800g,"6,19€",-19%,"4,99€",https://spesaonline.conad.it/p/purina-one-bifensis-gatto-crocchette-sterilcat-ricco-in-manzo-e-frumento-sacco-800g--10871321
Fino al 13 novembre,"Red Bull Energy Drink, 250 ml","Bebida energética Red Bull, 250 ml","1,49€",-9%,"1,35€",https://spesaonline.conad.it/p/red-bull-energy-drink-250-ml--10686204
Fino al 13 novembre,"Red Bull Energy Drink, Senza Zuccheri, 250 ml","Red Bull Energy Drink, Sin Azúcar, 250 ml","1,59€",-15%,"1,35€",https://spesaonline.conad.it/p/red-bull-energy-drink-senza-zuccheri-250-ml--10686206
Fino al 13 novembre,"Red Bull Energy Drink, Zero Calorie, 250 ml","Red Bull Energy Drink, Cero Calorías, 250 ml","1,49€",-9%,"1,35€",https://spesaonline.conad.it/p/red-bull-energy-drink-zero-calorie-250-ml--10988063
Fino al 13 novembre,Ringo Limited Edition PlayStation con crema Cacao - Snack merenda - 6 porzioni da 6 biscotti 330g,Ringo Edición Limitada PlayStation con crema de cacao - Snack snack - 6 porciones de 6 galletas de 330g,"2,59€",-4%,"2,49€",https://spesaonline.conad.it/p/ringo-limited-edition-playstation-con-crema-cacao---snack-merenda---6-porzioni-da-6-biscotti-330g--10729718
Fino al 13 novembre,Ringo Limited Edition PlayStation con Crema Vaniglia - Snack merenda - 6 porzioni da 6 biscotti 330g,Ringo Edición Limitada PlayStation con Crema de Vainilla - Snack snack - 6 porciones de 6 galletas de 330g,"2,59€",-4%,"2,49€",https://spesaonline.conad.it/p/ringo-limited-edition-playstation-con-crema-vaniglia---snack-merenda---6-porzioni-da-6-biscotti-330g--10729748
Fino al 13 novembre,Ringo Vaniglia Biscotti Farciti Crema Vaniglia Snack Merenda 6 porzioni 330g,Ringo Galletas Rellenas De Vainilla Crema De Vainilla Snack Snack 6 Porciones 330g,"2,59€",-4%,"2,49€",https://spesaonline.conad.it/p/ringo-vaniglia-biscotti-farciti-crema-vaniglia-snack-merenda-6-porzioni-330g--11422507
Fino al 15 novembre,Rio Azzurro WC Disincrostante Profumo di Mandorla 750 ml,Rio Azzurro Desincrustante WC Aroma Almendra 750 ml,"1,45€",-32%,"0,99€",https://spesaonline.conad.it/p/rio-azzurro-wc-disincrostante-profumo-di-mandorla-750-ml--10737370
Fino al 13 novembre,Rio mare Tonno all'Olio di Oliva Pescato a Canna 3+1 x 80 g,Rio Mare Atún en Aceite de Oliva Barril Pescado 3 + 1 x 80 g,"6,99€",-29%,"4,99€",https://spesaonline.conad.it/p/rio-mare-tonno-allolio-di-oliva-pescato-a-canna-31-x-80-g--10969739
Fino al 13 novembre,Riso Scotti Originario 1 Kg,Arroz Escocés Original 1 Kg,"2,79€",-29%,"1,99€",https://spesaonline.conad.it/p/riso-scotti-originario-1-kg--10636343
Fino al 15 novembre,Rosa del Nord Salmone Affumicato 100 g,Salmón Ahumado Northern Rose 100 g,"4,99€",-10%,"4,49€",https://spesaonline.conad.it/p/rosa-del-nord-salmone-affumicato-100-g--10828473
Fino al 15 novembre,Rummo Conchiglie rigate N° 42 500 g,Rummo Conchiglie rigate N° 42 500 g,"1,39€",-43%,"0,79€",https://spesaonline.conad.it/p/rummo-conchiglie-rigate-n-42-500-g--11232626
Fino al 15 novembre,Rummo Elicoidali N° 49 500 g,Ronmo Helicoidali N° 49 500 g,"1,39€",-43%,"0,79€",https://spesaonline.conad.it/p/rummo-elicoidali-n-49-500-g--11232681
Fino al 15 novembre,Rummo Farfalle n° 85 500 g,Ronmo Farfalle n° 85 500 g,"1,39€",-43%,"0,79€",https://spesaonline.conad.it/p/rummo-farfalle-n-85-500-g--11232707
Fino al 15 novembre,Rummo Fettucce n° 15 500 g,Rummo Fettucce n° 15 500 g,"1,39€",-43%,"0,79€",https://spesaonline.conad.it/p/rummo-fettucce-n-15-500-g--11232732
Fino al 15 novembre,Rummo Fusilli n° 48 500 g,Rummo Fusilli n° 48 500 g,"1,39€",-43%,"0,79€",https://spesaonline.conad.it/p/rummo-fusilli-n-48-500-g--11232695
Fino al 15 novembre,Rummo Linguine n° 13 500 g,Rummo Linguine n° 13 500 g,"1,39€",-43%,"0,79€",https://spesaonline.conad.it/p/rummo-linguine-n-13-500-g--11232724
Fino al 15 novembre,Rummo Metodo Lenta Lavorazione Anelli Siciliani n° 23 500 g,Rummo Método de Elaboración Lenta Aros Sicilianos Nº 23 500 g,"1,39€",-43%,"0,79€",https://spesaonline.conad.it/p/rummo-metodo-lenta-lavorazione-anelli-siciliani-n-23-500-g--11232694
Fino al 15 novembre,Rummo Mezze penne rigate n° 28 500 g,Rummo Mezze penne rigate n° 28 500 g,"1,39€",-43%,"0,79€",https://spesaonline.conad.it/p/rummo-mezze-penne-rigate-n-28-500-g--11232650
Fino al 15 novembre,Rummo Mezzi rigatoni N° 51 500 g,Rummo Mezzi rigatoni N° 51 500 g,"1,39€",-43%,"0,79€",https://spesaonline.conad.it/p/rummo-mezzi-rigatoni-n-51-500-g--11232646
Fino al 15 novembre,Rummo Penne rigate n° 66 500 g,Rummo Penne rigate n° 66 500 g,"1,39€",-43%,"0,79€",https://spesaonline.conad.it/p/rummo-penne-rigate-n-66-500-g--11232712
Fino al 15 novembre,Rummo Rigatoni n° 50 500 g,Rummo Rigatoni nº 50 500 g,"1,39€",-43%,"0,79€",https://spesaonline.conad.it/p/rummo-rigatoni-n-50-500-g--11232666
Fino al 15 novembre,Rummo Spaghetti alla chitarra n° 104 500 g,Rummo Spaghetti alla chitarra n° 104 500 g,"1,39€",-43%,"0,79€",https://spesaonline.conad.it/p/rummo-spaghetti-alla-chitarra-n-104-500-g--11232655
Fino al 15 novembre,Rummo Spaghetti Grossi N°5 500 g,Rummo Espaguetis Grossi N° 5 500 g,"1,39€",-43%,"0,79€",https://spesaonline.conad.it/p/rummo-spaghetti-grossi-n5-500-g--11232708
Fino al 15 novembre,Rummo Spaghetti N° 3 500 g,Rummo Espaguetis N° 3 500 g,"1,39€",-43%,"0,79€",https://spesaonline.conad.it/p/rummo-spaghetti-n-3-500-g--11232634
Fino al 15 novembre,Rummo Spaghettoni Grossi N° 220 500 g,Rummo Spaghettoni Grossi N° 220 500 g,"1,39€",-43%,"0,79€",https://spesaonline.conad.it/p/rummo-spaghettoni-grossi-n-220-500-g--11232687
Fino al 15 novembre,SACCAMORE Lambrusco Grasparossa di Castelvetro DOC Amabile 75 cl,SACCAMORE Lambrusco Grasparossa di Castelvetro DOC Amabile 75 cl,"3,69€",-19%,"2,99€",https://spesaonline.conad.it/p/saccamore-lambrusco-grasparossa-di-castelvetro-doc-amabile-75-cl--348281
Fino al 20 novembre,Sammontana Amando 4 x 52 g,Sammontana Amando 4 x 52 g,"4,99€",-48%,"2,59€",https://spesaonline.conad.it/p/sammontana-amando-4-x-52-g--10934688
Fino al 20 novembre,Sammontana Cinque Stelle Cioccolato 6 x 75 g,Sammontana Cinque Stelle Chocolate 6 x 75 g,"4,79€",-27%,"3,49€",https://spesaonline.conad.it/p/sammontana-cinque-stelle-cioccolato-6-x-75-g--11225832
Fino al 13 novembre,"San Benedetto Acqua Naturale dal Parco della Majella Ecogreen 0,5L x 6",Agua Natural San Benedetto del Parque Majella Ecogreen 0.5L x 6,"1,69€",-47%,"0,89€",https://spesaonline.conad.it/p/san-benedetto-acqua-naturale-dal-parco-della-majella-ecogreen-05l-x-6--11372583
Fino al 13 novembre,"San Benedetto Ecogreen 0,5L Naturale - Fonte del Pollino F4x6 con nuovo tappo Twist&Drink","San Benedetto Ecogreen 0,5L Natural - Fonte del Pollino F4x6 con nuevo tapón Twist & Drink","1,69€",-47%,"0,89€",https://spesaonline.conad.it/p/san-benedetto-ecogreen-05l-naturale---fonte-del-pollino-f4x6-con-nuovo-tappo-twistdrink--11372596
Fino al 13 novembre,San Carlo Dixi 105 g,San Carlo Dixi 105 g,"1,99€",-35%,"1,29€",https://spesaonline.conad.it/p/san-carlo-dixi-105-g--10948045
Fino al 13 novembre,San Carlo Virtual 105 g,San Carlo Virtual 105 g,"1,99€",-35%,"1,29€",https://spesaonline.conad.it/p/san-carlo-virtual-105-g--10948052
Fino al 13 novembre,SANPELLEGRINO Chinò 33 cl,SANPELLEGRINO Chino 33 cl,"0,65€",-25%,"0,49€",https://spesaonline.conad.it/p/sanpellegrino-chino-33-cl--11382317
Fino al 13 novembre,SAPORI & DINTORNI CONAD Maritati Pugliesi 500 g,SABORES Y ENTORNO CONAD Maritati Pugliese 500 g,"1,89€",-16%,"1,59€",https://spesaonline.conad.it/p/sapori--dintorni-conad-maritati-pugliesi-500-g--312816
Fino al 15 novembre,SCJUCAREN Romagna DOC Sangiovese 75 cl,SCJUCAREN Romaña DOC Sangiovese 75 cl,"2,99€",-10%,"2,69€",https://spesaonline.conad.it/p/scjucaren-romagna-doc-sangiovese-75-cl--348283
Fino al 13 novembre,Sogni d'oro la Camomilla Solubile con Melatonina 16x4 g,Sogni d'oro la Camomilla Solubile con Melatonina 16x4 g,"3,79€",-13%,"3,29€",https://spesaonline.conad.it/p/sogni-doro-la-camomilla-solubile-con-melatonina-16x4-g--10793140
Fino al 15 novembre,Sole Nuvoletta Fior Mozzarella 3 x 100 g,Lenguado Nuvoletta Fior Mozzarella 3 x 100 g,"3,39€",-24%,"2,59€",https://spesaonline.conad.it/p/sole-nuvoletta-fior-mozzarella-3-x-100-g--10567498
Fino al 13 novembre,Speck Alto Adige IGP Sapori & Dintorni Conad,Speck Alto Adigio IGP Savori & Dintorni Conad,"2,59€",-31%,"1,79€",https://spesaonline.conad.it/p/speck-alto-adige-igp-sapori--dintorni-conad--231118
Fino al 13 novembre,Star il Mio Dado Classico -30% di Sale# 10 Dadi 100 g,Star My Classic Cube -30% Sal #10 Nueces 100 g,"1,29€",-22%,"1,00€",https://spesaonline.conad.it/p/star-il-mio-dado-classico--30-di-sale-10-dadi-100-g--10793177
Fino al 13 novembre,Star il Mio Dado Classico 10 Dadi 100 g,Star Mi Cubo Clásico 10 Nueces 100 g,"1,29€",-22%,"1,00€",https://spesaonline.conad.it/p/star-il-mio-dado-classico-10-dadi-100-g--10793225
Fino al 13 novembre,Star il Mio Dado Funghi Porcini 10 Dadi 100 g,Star My Nut Hongos Porcini 10 Nueces 100 g,"1,29€",-22%,"1,00€",https://spesaonline.conad.it/p/star-il-mio-dado-funghi-porcini-10-dadi-100-g--10793189
Fino al 13 novembre,Star il Mio Dado Vegetale -30% di Sale# 10 Dadi 100 g,Star Mi Cubo Vegetal -30% Sal #10 Frutos Secos 100 g,"1,29€",-22%,"1,00€",https://spesaonline.conad.it/p/star-il-mio-dado-vegetale--30-di-sale-10-dadi-100-g--10793233
Fino al 13 novembre,Star il Mio Dado Vegetale 10 Dadi 100 g,Star Mi Cubo Vegetal 10 Frutos Secos 100 g,"1,29€",-22%,"1,00€",https://spesaonline.conad.it/p/star-il-mio-dado-vegetale-10-dadi-100-g--10793154
Fino al 15 novembre,Star La Mia Pummarò Corposa 700 g,Star My Pummarò Con Cuerpo 700 g,"1,19€",-29%,"0,85€",https://spesaonline.conad.it/p/star-la-mia-pummaro-corposa-700-g--10793231
Fino al 13 novembre,Sterzing Vipiteno Fitline Yogurt Magro 8 x 125 g,Sterzing Vipiteno Fitline Yogurt Magro 8 x 125 g,"3,39€",-18%,"2,79€",https://spesaonline.conad.it/p/sterzing-vipiteno-fitline-yogurt-magro-8-x-125-g--11283337
Fino al 13 novembre,Tavernello Bianco d'Italia 1 l,Tavernello Blanco de Italia 1 l,"1,89€",-16%,"1,59€",https://spesaonline.conad.it/p/tavernello-bianco-ditalia-1-l--10575108
Fino al 13 novembre,Tavernello Rosso d'Italia 1 l,Tavernello Rojo de Italia 1 l,"1,89€",-16%,"1,59€",https://spesaonline.conad.it/p/tavernello-rosso-ditalia-1-l--10575120
Fino al 15 novembre,Torre Solada Vino Rosso Terre Siciliane IGT 1 litro,Torre Solada Rosso Terre Siciliane IGT 1 litro,"2,19€",-9%,"1,99€",https://spesaonline.conad.it/p/torre-solada-vino-rosso-terre-siciliane-igt-1-litro--10766690
Fino al 15 novembre,Tutto Pannocarta 3in1 2 pz,Todos los paños 3 en 1 2 piezas,"2,59€",-23%,"1,99€",https://spesaonline.conad.it/p/tutto-pannocarta-3in1-2-pz--10972663
Fino al 13 novembre,Valdo Marca Oro Valdobbiadene Prosecco Superiore DOCG Extra Dry 750 ml,Valdo Marca Oro Valdobbiadene Prosecco Superiore DOCG Extra Dry 750 ml,"7,49€",-11%,"6,69€",https://spesaonline.conad.it/p/valdo-marca-oro-valdobbiadene-prosecco-superiore-docg-extra-dry-750-ml--10740057
Fino al 20 novembre,Valsoia Bontà e Salute il Gelato 4 Coni 4 x 75 g,Valsoia Bondad y Salud el Helado 4 Conos 4 x 75 g,"3,99€",-25%,"2,99€",https://spesaonline.conad.it/p/valsoia-bonta-e-salute-il-gelato-4-coni-4-x-75-g--10863534
Fino al 20 novembre,Valsoia Bontà e Salute il gelato Affogato Amarena 500 g,Valsoia Bondad y Salud el helado Affogato Amarena 500 g,"4,29€",-26%,"3,19€",https://spesaonline.conad.it/p/valsoia-bonta-e-salute-il-gelato-affogato-amarena-500-g--10863535
Fino al 20 novembre,Valsoia Bontà e Salute il gelato Bianco Cacao 500 g,Valsoia Bondad y Salud Helado de Cacao Blanco 500 g,"4,29€",-26%,"3,19€",https://spesaonline.conad.it/p/valsoia-bonta-e-salute-il-gelato-bianco-cacao-500-g--10863469
Fino al 13 novembre,Vigorsol Air Action 135 g,Vigorsol Aire Acción 135 g,"5,99€",-5%,"5,69€",https://spesaonline.conad.it/p/vigorsol-air-action-135-g--11086206
Fino al 13 novembre,"Vileda guanti casalinghi Comfort Extra in lattice, massima protezione e resistenza, taglia M","Guantes de hogar Vileda Comfort Extra de látex, máxima protección y resistencia, talla M","2,99€",-17%,"2,49€",https://spesaonline.conad.it/p/vileda-guanti-casalinghi-comfort-extra-in-lattice-massima-protezione-e-resistenza-taglia-m--11319685
Fino al 13 novembre,Vitasnella Acqua Oligominerale Naturale 150 cL,Vitasnella Agua Oligomineral Natural 150 cL,"0,59€",-24%,"0,45€",https://spesaonline.conad.it/p/vitasnella-acqua-oligominerale-naturale-150-cl--10573937
Fino al 13 novembre,Vivident Xylit Spearmint 104 g,Vivident Xilitol Hierbabuena 104 g,"4,79€",-10%,"4,29€",https://spesaonline.conad.it/p/vivident-xylit-spearmint-104-g--11086214
Fino al 13 novembre,Wilkinson Sword Rasoio usa&getta Xtreme 3 Sensitive 4+2 pz,Maquinilla de afeitar desechable Wilkinson Sword Xtreme 3 Sensitive 4 + 2 uds,"4,49€",-11%,"3,99€",https://spesaonline.conad.it/p/wilkinson-sword-rasoio-usagetta-xtreme-3-sensitive-42-pz--10970114
Fino al 16 novembre,Yogurt Cremoso Mirtillo Biologico Magro 2 x 125 g Verso Natura Bio Conad,Yogurt Cremoso Magro de Arándanos Ecológico 2 x 125 g Verso Natura Bio Conad,"1,29€",-23%,"0,99€",https://spesaonline.conad.it/p/yogurt-cremoso-mirtillo-biologico-magro-2-x-125-g-verso-natura-bio-conad--401473
Fino al 13 novembre,Zappalá Mozzarella dal miglior latte siciliano 3 x 100 g,Zappalá Mozzarella de la mejor leche siciliana 3 x 100 g,"3,39€",-21%,"2,69€",https://spesaonline.conad.it/p/zappala-mozzarella-dal-miglior-latte-siciliano-3-x-100-g--10904252
Fino al 15 novembre,Zymil Alta Digeribilità Senza lattosio Gustoso Digeribile 1000 ml,Zymil Alta Digestibilidad Sin Lactosa Tasty Digestible 1000 ml,"2,39€",-33%,"1,59€",https://spesaonline.conad.it/p/zymil-alta-digeribilita-senza-lattosio-gustoso-digeribile-1000-ml--11346258
